HTML,JAVA
use://jeecg/src/main/webapp/webpage/main/bootstrap_top.jsp//html/body/t:menu/menufun//menuMap,use://jeecg/src/main/java/org/jeecgframework/web/system/controller/core/LoginController.java//menuMap
use://jeecg/src/main/webapp/webpage/main/shortcut_top.jsp//html/body/t:menu/menufun//menuMap,use://jeecg/src/main/java/org/jeecgframework/web/system/controller/core/LoginController.java//menuMap
use://jeecg/src/main/webapp/webpage/login/login.jsp//html/body/div/div/div/div/div/div/div/div/form/input/value//ReturnURL,use://jeecg/src/main/java/org/jeecgframework/web/system/controller/core/SSOController.java//ReturnURL
use://jeecg/src/main/webapp/webpage/jeecg/graphreport/jformGraphreportItemList.jsp//html/body/div/c:foreach/items//jformGraphreportItemList,use://jeecg/src/main/java/org/jeecgframework/web/graphreport/controller/JformGraphreportHeadController.java//jformGraphreportItemList
use://jeecg/src/main/webapp/webpage/jeecg/superquery/dialog.jsp//html/body/div/input/value//queryCode,use://jeecg/src/main/java/org/jeecgframework/web/superquery/controller/SuperQueryMainController.java//queryCode
use://jeecg/src/main/webapp/webpage/jeecg/superquery/superQueryFieldList.jsp//html/body/c:foreach/items//superQueryFieldList,use://jeecg/src/main/java/org/jeecgframework/web/superquery/controller/SuperQueryMainController.java//superQueryFieldList
use://jeecg/src/main/webapp/webpage/jeecg/superquery/superQueryTableList.jsp//html/body/c:foreach/items//superQueryTableList,use://jeecg/src/main/java/org/jeecgframework/web/superquery/controller/SuperQueryMainController.java//superQueryTableList
use://jeecg/src/main/webapp/webpage/system/operation/operation.jsp//html/body/t:formvalid/fieldset/input/value//functionId,use://jeecg/src/main/java/org/jeecgframework/web/system/controller/core/TSInterfaceController.java//functionId
use://jeecg/src/main/webapp/webpage/system/operation/operation.jsp//html/body/t:formvalid/fieldset/input/value//functionId,use://jeecg/src/main/java/org/jeecgframework/web/system/controller/core/FunctionController.java//functionId
use://jeecg/src/main/webapp/webpage/system/operation/operationList.jsp//html/body/t:datagrid/actionurl//functionId,use://jeecg/src/main/java/org/jeecgframework/web/system/controller/core/TSInterfaceController.java//functionId
use://jeecg/src/main/webapp/webpage/system/operation/operationList.jsp//html/body/t:datagrid/actionurl//functionId,use://jeecg/src/main/java/org/jeecgframework/web/system/controller/core/FunctionController.java//functionId
use://jeecg/src/main/webapp/webpage/system/operation/operationList.jsp//html/body/t:datagrid/actionurl//functionId,use://jeecg/src/main/java/org/jeecgframework/web/system/controller/core/TSInterfaceController.java//functionId
use://jeecg/src/main/webapp/webpage/system/operation/operationList.jsp//html/body/t:datagrid/actionurl//functionId,use://jeecg/src/main/java/org/jeecgframework/web/system/controller/core/FunctionController.java//functionId
use://jeecg/src/main/webapp/webpage/system/operation/operationList.jsp//html/body/t:datagrid/t:dgtoolbar/url//functionId,use://jeecg/src/main/java/org/jeecgframework/web/system/controller/core/TSInterfaceController.java//functionId
use://jeecg/src/main/webapp/webpage/system/operation/operationList.jsp//html/body/t:datagrid/t:dgtoolbar/url//functionId,use://jeecg/src/main/java/org/jeecgframework/web/system/controller/core/FunctionController.java//functionId
use://jeecg/src/main/webapp/webpage/system/operation/operationList.jsp//html/body/t:datagrid/t:dgtoolbar/url//functionId,use://jeecg/src/main/java/org/jeecgframework/web/system/controller/core/TSInterfaceController.java//functionId
use://jeecg/src/main/webapp/webpage/system/operation/operationList.jsp//html/body/t:datagrid/t:dgtoolbar/url//functionId,use://jeecg/src/main/java/org/jeecgframework/web/system/controller/core/FunctionController.java//functionId
use://jeecg/src/main/webapp/webpage/system/interrole/interroleUserList.jsp//html/body/t:datagrid/actionurl//roleId,use://jeecg/src/main/java/org/jeecgframework/web/system/controller/core/InterroleController.java//roleId
use://jeecg/src/main/webapp/webpage/system/interrole/interroleUserList.jsp//html/body/t:datagrid/t:dgdelopt/url//roleId,use://jeecg/src/main/java/org/jeecgframework/web/system/controller/core/InterroleController.java//roleId
use://jeecg/src/main/webapp/webpage/system/interrole/interroleUserList.jsp//html/body/t:datagrid/t:dgtoolbar/url//roleId,use://jeecg/src/main/java/org/jeecgframework/web/system/controller/core/InterroleController.java//roleId
use://jeecg/src/main/webapp/webpage/system/interrole/dataRuleListForInterface.jsp//html/body/c:foreach/items//dataRuleList,use://jeecg/src/main/java/org/jeecgframework/web/system/controller/core/InterroleController.java//dataRuleList
use://jeecg/src/main/webapp/webpage/system/interrole/interroleSet.jsp//html/body/div/div/div/input/value//roleId,use://jeecg/src/main/java/org/jeecgframework/web/system/controller/core/InterroleController.java//roleId
use://jeecg/src/main/webapp/webpage/system/role/roleSet.jsp//html/body/div/div/div/input/value//roleId,use://jeecg/src/main/java/org/jeecgframework/web/system/controller/core/RoleController.java//roleId
use://jeecg/src/main/webapp/webpage/system/role/roleSet-old.jsp//html/body/div/div/div/input/value//roleId,use://jeecg/src/main/java/org/jeecgframework/web/system/controller/core/RoleController.java//roleId
use://jeecg/src/main/webapp/webpage/system/role/roleUserList.jsp//html/body/t:datagrid/actionurl//roleId,use://jeecg/src/main/java/org/jeecgframework/web/system/controller/core/RoleController.java//roleId
use://jeecg/src/main/webapp/webpage/system/role/roleUserList.jsp//html/body/t:datagrid/t:dgdelopt/url//roleId,use://jeecg/src/main/java/org/jeecgframework/web/system/controller/core/RoleController.java//roleId
use://jeecg/src/main/webapp/webpage/system/role/roleUserList.jsp//html/body/t:datagrid/t:dgtoolbar/url//roleId,use://jeecg/src/main/java/org/jeecgframework/web/system/controller/core/RoleController.java//roleId
use://jeecg/src/main/webapp/webpage/system/role/roleTree.jsp//html/body/div/div/div/input/value//orgId,use://jeecg/src/main/java/org/jeecgframework/web/system/controller/core/RoleController.java//orgId
use://jeecg/src/main/webapp/webpage/system/role/dataRuleListForFunction.jsp//html/body/c:foreach/items//dataRuleList,use://jeecg/src/main/java/org/jeecgframework/web/system/controller/core/RoleController.java//dataRuleList
use://jeecg/src/main/webapp/webpage/system/role/operationListForFunction.jsp//html/body/c:foreach/items//operationList,use://jeecg/src/main/java/org/jeecgframework/web/system/controller/core/RoleController.java//operationList
use://jeecg/src/main/webapp/webpage/system/tsinterface/ruleData.jsp//html/body/t:formvalid/fieldset/input/value//interfaceId,use://jeecg/src/main/java/org/jeecgframework/web/system/controller/core/TSInterfaceController.java//interfaceId
use://jeecg/src/main/webapp/webpage/system/tsinterface/ruleDataList.jsp//html/body/t:datagrid/actionurl//interfaceId,use://jeecg/src/main/java/org/jeecgframework/web/system/controller/core/TSInterfaceController.java//interfaceId
use://jeecg/src/main/webapp/webpage/system/tsinterface/ruleDataList.jsp//html/body/t:datagrid/actionurl//interfaceId,use://jeecg/src/main/java/org/jeecgframework/web/system/controller/core/TSInterfaceController.java//interfaceId
use://jeecg/src/main/webapp/webpage/system/tsinterface/ruleDataList.jsp//html/body/t:datagrid/t:dgtoolbar/url//interfaceId,use://jeecg/src/main/java/org/jeecgframework/web/system/controller/core/TSInterfaceController.java//interfaceId
use://jeecg/src/main/webapp/webpage/system/tsinterface/ruleDataList.jsp//html/body/t:datagrid/t:dgtoolbar/url//interfaceId,use://jeecg/src/main/java/org/jeecgframework/web/system/controller/core/TSInterfaceController.java//interfaceId
use://jeecg/src/main/webapp/webpage/system/depart/departUserList.jsp//html/body/t:datagrid/actionurl//departid,use://jeecg/src/main/java/org/jeecgframework/web/system/controller/core/DepartController.java//departid
use://jeecg/src/main/webapp/webpage/system/depart/departUserList.jsp//html/body/t:datagrid/t:dgdelopt/url//departid,use://jeecg/src/main/java/org/jeecgframework/web/system/controller/core/DepartController.java//departid
use://jeecg/src/main/webapp/webpage/system/depart/departUserList.jsp//html/body/t:datagrid/t:dgtoolbar/url//departid,use://jeecg/src/main/java/org/jeecgframework/web/system/controller/core/DepartController.java//departid
use://jeecg/src/main/webapp/webpage/system/depart/departSelect.jsp//html/body/input/value//orgIds,use://jeecg/src/main/java/org/jeecgframework/web/system/controller/core/DepartController.java//orgIds
use://jeecg/src/main/webapp/webpage/system/depart/noCurDepartUserList.jsp//html/body/div/div/t:datagrid/actionurl//orgId,use://jeecg/src/main/java/org/jeecgframework/web/system/controller/core/DepartController.java//orgId
use://jeecg/src/main/webapp/webpage/system/depart/noCurDepartUserList.jsp//html/body/div/t:formvalid/action//orgId,use://jeecg/src/main/java/org/jeecgframework/web/system/controller/core/DepartController.java//orgId
use://jeecg/src/main/webapp/webpage/system/dataLog/diffDataVersion.jsp//html/body/c:foreach/items//dataLogDiffs,use://jeecg/src/main/java/org/jeecgframework/web/system/controller/core/SystemController.java//dataLogDiffs
use://jeecg/src/main/webapp/webpage/system/organzation/myDepartUserList.jsp//html/body/div/div/t:datagrid/actionurl//departid,use://jeecg/src/main/java/org/jeecgframework/web/system/controller/core/OrganzationController.java//departid
use://jeecg/src/main/webapp/webpage/system/organzation/myDepartUserList.jsp//html/body/div/div/t:datagrid/t:dgdelopt/url//departid,use://jeecg/src/main/java/org/jeecgframework/web/system/controller/core/OrganzationController.java//departid
use://jeecg/src/main/webapp/webpage/system/organzation/myDepartUserList.jsp//html/body/div/div/t:datagrid/t:dgtoolbar/url//departid,use://jeecg/src/main/java/org/jeecgframework/web/system/controller/core/OrganzationController.java//departid
use://jeecg/src/main/webapp/webpage/system/organzation/myDepartSelect.jsp//html/body/input/value//orgIds,use://jeecg/src/main/java/org/jeecgframework/web/system/controller/core/OrganzationController.java//orgIds
use://jeecg/src/main/webapp/webpage/system/organzation/departUserList.jsp//html/body/t:datagrid/actionurl//departid,use://jeecg/src/main/java/org/jeecgframework/web/system/controller/core/OrganzationController.java//departid
use://jeecg/src/main/webapp/webpage/system/organzation/departUserList.jsp//html/body/t:datagrid/t:dgdelopt/url//departid,use://jeecg/src/main/java/org/jeecgframework/web/system/controller/core/OrganzationController.java//departid
use://jeecg/src/main/webapp/webpage/system/organzation/departUserList.jsp//html/body/t:datagrid/t:dgtoolbar/url//departid,use://jeecg/src/main/java/org/jeecgframework/web/system/controller/core/OrganzationController.java//departid
use://jeecg/src/main/webapp/webpage/system/organzation/comDepartUserList.jsp//html/body/div/div/t:datagrid/actionurl//departid,use://jeecg/src/main/java/org/jeecgframework/web/system/controller/core/OrganzationController.java//departid
use://jeecg/src/main/webapp/webpage/system/organzation/comDepartUserList.jsp//html/body/div/div/t:datagrid/t:dgdelopt/url//departid,use://jeecg/src/main/java/org/jeecgframework/web/system/controller/core/OrganzationController.java//departid
use://jeecg/src/main/webapp/webpage/system/organzation/comDepartUserList.jsp//html/body/div/div/t:datagrid/t:dgtoolbar/url//departid,use://jeecg/src/main/java/org/jeecgframework/web/system/controller/core/OrganzationController.java//departid
use://jeecg/src/main/webapp/webpage/system/organzation/departSelect.jsp//html/body/input/value//orgIds,use://jeecg/src/main/java/org/jeecgframework/web/system/controller/core/OrganzationController.java//orgIds
use://jeecg/src/main/webapp/webpage/system/organzation/noCurDepartMyOrgUserList.jsp//html/body/div/div/t:datagrid/actionurl//orgId,use://jeecg/src/main/java/org/jeecgframework/web/system/controller/core/OrganzationController.java//orgId
use://jeecg/src/main/webapp/webpage/system/organzation/noCurDepartMyOrgUserList.jsp//html/body/div/t:formvalid/action//orgId,use://jeecg/src/main/java/org/jeecgframework/web/system/controller/core/OrganzationController.java//orgId
use://jeecg/src/main/webapp/webpage/system/organzation/noCurDepartUserList.jsp//html/body/div/div/t:datagrid/actionurl//orgId,use://jeecg/src/main/java/org/jeecgframework/web/system/controller/core/OrganzationController.java//orgId
use://jeecg/src/main/webapp/webpage/system/organzation/noCurDepartUserList.jsp//html/body/div/t:formvalid/action//orgId,use://jeecg/src/main/java/org/jeecgframework/web/system/controller/core/OrganzationController.java//orgId
use://jeecg/src/main/webapp/webpage/system/sms/tSSmsDetailList.jsp//html/body/t:formvalid/c:foreach/items//smsList,use://jeecg/src/main/java/org/jeecgframework/web/system/sms/controller/TSSmsController.java//smsList
use://jeecg/src/main/webapp/webpage/system/position/tSCompanyPositionList.jsp//html/body/div/div/t:datagrid/actionurl//companyId,use://jeecg/src/main/java/org/jeecgframework/web/system/controller/core/TSCompanyPositionController.java//companyId
use://jeecg/src/main/webapp/webpage/system/position/tSCompanyPositionList.jsp//html/body/div/div/t:datagrid/t:dgtoolbar/url//companyId,use://jeecg/src/main/java/org/jeecgframework/web/system/controller/core/TSCompanyPositionController.java//companyId
use://jeecg/src/main/webapp/webpage/system/user/interfaceUser.jsp//html/body/t:formvalid/input/value//roleId,use://jeecg/src/main/java/org/jeecgframework/web/system/controller/core/UserController.java//roleId
use://jeecg/src/main/webapp/webpage/system/user/usersign.jsp//html/body/t:formvalid/input/value//id,use://jeecg/src/main/java/org/jeecgframework/web/system/controller/core/UserController.java//id
use://jeecg/src/main/webapp/webpage/system/user/usersign.jsp//html/body/t:formvalid/input/value//id,use://jeecg/src/main/java/org/jeecgframework/web/system/controller/core/UserController.java//id
use://jeecg/src/main/webapp/webpage/system/user/userList.jsp//html/body/t:datagrid/t:dgcol/replace//departsReplace,use://jeecg/src/main/java/org/jeecgframework/web/system/controller/core/UserController.java//departsReplace
use://jeecg/src/main/webapp/webpage/system/user/myOrgUser.jsp//html/body/t:formvalid/input/value//orgIds,use://jeecg/src/main/java/org/jeecgframework/web/system/controller/core/UserController.java//orgIds
use://jeecg/src/main/webapp/webpage/system/user/myOrgUser.jsp//html/body/t:formvalid/table/tbody/tr/td/input/value//departname,use://jeecg/src/main/java/org/jeecgframework/web/system/controller/core/UserController.java//departname
use://jeecg/src/main/webapp/webpage/system/user/myOrgUser.jsp//html/body/t:formvalid/table/tbody/tr/td/input/value//orgIds,use://jeecg/src/main/java/org/jeecgframework/web/system/controller/core/UserController.java//orgIds
use://jeecg/src/main/webapp/webpage/system/user/user.jsp//html/body/t:formvalid/table/tbody/tr/td/input/value//departname,use://jeecg/src/main/java/org/jeecgframework/web/system/controller/core/UserController.java//departname
use://jeecg/src/main/webapp/webpage/system/user/user.jsp//html/body/t:formvalid/table/tbody/tr/td/input/value//orgIds,use://jeecg/src/main/java/org/jeecgframework/web/system/controller/core/UserController.java//orgIds
use://jeecg/src/main/webapp/webpage/system/user/user.jsp//html/body/t:formvalid/table/tbody/tr/td/input/value//id,use://jeecg/src/main/java/org/jeecgframework/web/system/controller/core/UserController.java//id
use://jeecg/src/main/webapp/webpage/system/user/user.jsp//html/body/t:formvalid/table/tbody/tr/td/input/value//roleName,use://jeecg/src/main/java/org/jeecgframework/web/system/controller/core/UserController.java//roleName
use://jeecg/src/main/webapp/webpage/system/authGroup/departRoleAuthorised.jsp//html/body/div/div/div/input/value//gid,use://jeecg/src/main/java/org/jeecgframework/web/system/controller/core/DepartAuthGroupController.java//gid
use://jeecg/src/main/webapp/webpage/system/authGroup/authDeptSelect.jsp//html/body/input/value//deptId,use://jeecg/src/main/java/org/jeecgframework/web/system/controller/core/DepartAuthGroupController.java//deptId
use://jeecg/src/main/webapp/webpage/system/authGroup/depart_role.jsp//html/body/div/div/input/value//userName,use://jeecg/src/main/java/org/jeecgframework/web/system/controller/core/DepartAuthGroupController.java//userName
use://jeecg/src/main/webapp/webpage/system/authGroup/roleOperationListForFunction.jsp//html/body/c:foreach/items//operationList,use://jeecg/src/main/java/org/jeecgframework/web/system/controller/core/DepartAuthGroupController.java//operationList
use://jeecg/src/main/webapp/webpage/system/authGroup/addUserSelect.jsp//html/body/div/div/input/value//groupId,use://jeecg/src/main/java/org/jeecgframework/web/system/controller/core/DepartAuthGroupController.java//groupId
use://jeecg/src/main/webapp/webpage/system/authGroup/addUserSelect.jsp//html/body/div/div/t:datagrid/actionurl//groupId,use://jeecg/src/main/java/org/jeecgframework/web/system/controller/core/DepartAuthGroupController.java//groupId
use://jeecg/src/main/webapp/webpage/system/authGroup/departGroupUserList.jsp//html/body/input/value//groupId,use://jeecg/src/main/java/org/jeecgframework/web/system/controller/core/DepartAuthGroupController.java//groupId
use://jeecg/src/main/webapp/webpage/system/authGroup/departGroupUserList.jsp//html/body/t:datagrid/actionurl//groupId,use://jeecg/src/main/java/org/jeecgframework/web/system/controller/core/DepartAuthGroupController.java//groupId
use://jeecg/src/main/webapp/webpage/system/authGroup/dataRuleListForFunction.jsp//html/body/c:foreach/items//dataRuleList,use://jeecg/src/main/java/org/jeecgframework/web/system/controller/core/DepartAuthGroupController.java//dataRuleList
use://jeecg/src/main/webapp/webpage/system/authGroup/operationListForFunction.jsp//html/body/c:foreach/items//operationList,use://jeecg/src/main/java/org/jeecgframework/web/system/controller/core/DepartAuthGroupController.java//operationList
use://jeecg/src/main/webapp/webpage/system/authGroup/roleDataRuleListForFunction.jsp//html/body/c:foreach/items//dataRuleList,use://jeecg/src/main/java/org/jeecgframework/web/system/controller/core/DepartAuthGroupController.java//dataRuleList
use://jeecg/src/main/webapp/webpage/system/authGroup/departAuthorised.jsp//html/body/div/div/div/input/value//gid,use://jeecg/src/main/java/org/jeecgframework/web/system/controller/core/DepartAuthGroupController.java//gid
use://jeecg/src/main/webapp/webpage/system/authGroup/departAuthorised.jsp//html/body/div/div/div/input/value//pid,use://jeecg/src/main/java/org/jeecgframework/web/system/controller/core/DepartAuthGroupController.java//pid
use://jeecg/src/main/webapp/webpage/system/dataRule/ruleData.jsp//html/body/t:formvalid/fieldset/input/value//functionId,use://jeecg/src/main/java/org/jeecgframework/web/system/controller/core/FunctionController.java//functionId
use://jeecg/src/main/webapp/webpage/system/dataRule/ruleDataList.jsp//html/body/t:datagrid/actionurl//functionId,use://jeecg/src/main/java/org/jeecgframework/web/system/controller/core/FunctionController.java//functionId
use://jeecg/src/main/webapp/webpage/system/dataRule/ruleDataList.jsp//html/body/t:datagrid/actionurl//functionId,use://jeecg/src/main/java/org/jeecgframework/web/system/controller/core/FunctionController.java//functionId
use://jeecg/src/main/webapp/webpage/system/dataRule/ruleDataList.jsp//html/body/t:datagrid/t:dgtoolbar/url//functionId,use://jeecg/src/main/java/org/jeecgframework/web/system/controller/core/FunctionController.java//functionId
use://jeecg/src/main/webapp/webpage/system/dataRule/ruleDataList.jsp//html/body/t:datagrid/t:dgtoolbar/url//functionId,use://jeecg/src/main/java/org/jeecgframework/web/system/controller/core/FunctionController.java//functionId
use://jeecg/src/main/webapp/webpage/system/notice/noticeAuthorityUserList.jsp//html/body/t:datagrid/actionurl//noticeId,use://jeecg/src/main/java/org/jeecgframework/web/system/controller/core/NoticeAuthorityUserController.java//noticeId
use://jeecg/src/main/webapp/webpage/system/notice/noticeAuthorityUserList.jsp//html/body/input/value//noticeId,use://jeecg/src/main/java/org/jeecgframework/web/system/controller/core/NoticeAuthorityUserController.java//noticeId
use://jeecg/src/main/webapp/webpage/system/notice/noticeAuthorityRoleList.jsp//html/body/t:datagrid/actionurl//noticeId,use://jeecg/src/main/java/org/jeecgframework/web/system/controller/core/NoticeAuthorityRoleController.java//noticeId
use://jeecg/src/main/webapp/webpage/system/notice/noticeAuthorityRoleList.jsp//html/body/input/value//noticeId,use://jeecg/src/main/java/org/jeecgframework/web/system/controller/core/NoticeAuthorityRoleController.java//noticeId
use://jeecg/src/main/webapp/webpage/system/notice/tSNotice-update.jsp//html/body/t:formvalid/table/tbody/tr/td/span/input/value//rolesid,use://jeecg/src/main/java/org/jeecgframework/web/system/controller/core/NoticeController.java//rolesid
use://jeecg/src/main/webapp/webpage/system/notice/tSNotice-update.jsp//html/body/t:formvalid/table/tbody/tr/td/span/input/value//rolesName,use://jeecg/src/main/java/org/jeecgframework/web/system/controller/core/NoticeController.java//rolesName
use://jeecg/src/main/webapp/webpage/system/notice/tSNotice-update.jsp//html/body/t:formvalid/table/tbody/tr/td/span/input/value//usersid,use://jeecg/src/main/java/org/jeecgframework/web/system/controller/core/NoticeController.java//usersid
use://jeecg/src/main/webapp/webpage/system/notice/tSNotice-update.jsp//html/body/t:formvalid/table/tbody/tr/td/span/input/value//usersName,use://jeecg/src/main/java/org/jeecgframework/web/system/controller/core/NoticeController.java//usersName
use://jeecg/src/main/webapp/webpage/system/type/typeListForTypegroup.jsp//html/body/div/div/t:datagrid/actionurl//typegroupid,use://jeecg/src/main/java/org/jeecgframework/web/system/controller/core/SystemController.java//typegroupid
use://jeecg/src/main/webapp/webpage/system/type/typeListForTypegroup.jsp//html/body/div/div/t:datagrid/actionurl//typegroupid,use://jeecg/src/main/java/org/jeecgframework/web/system/controller/core/SystemController.java//typegroupid
use://jeecg/src/main/webapp/webpage/system/type/typeListForTypegroup.jsp//html/body/div/div/t:datagrid/t:dgtoolbar/url//typegroupid,use://jeecg/src/main/java/org/jeecgframework/web/system/controller/core/SystemController.java//typegroupid
use://jeecg/src/main/webapp/webpage/system/type/typeListForTypegroup.jsp//html/body/div/div/t:datagrid/t:dgtoolbar/url//typegroupid,use://jeecg/src/main/java/org/jeecgframework/web/system/controller/core/SystemController.java//typegroupid
use://jeecg/src/main/webapp/webpage/system/type/type.jsp//html/body/t:formvalid/input/value//typegroupid,use://jeecg/src/main/java/org/jeecgframework/web/system/controller/core/SystemController.java//typegroupid
use://jeecg/src/main/webapp/webpage/system/type/type.jsp//html/body/t:formvalid/fieldset/div/input/value//typegroupname,use://jeecg/src/main/java/org/jeecgframework/web/system/controller/core/SystemController.java//typegroupname
use://jeecg/src/main/webapp/webpage/system/type/typeGroupTabs.jsp//html/body/t:tabs/c:foreach/items//typegroupList,use://jeecg/src/main/java/org/jeecgframework/web/system/controller/core/SystemController.java//typegroupList
use://jeecg/src/main/webapp/webpage/system/dbsource/dbSource.jsp//html/body/t:formvalid/table/tbody/tr/td/input/value//showDbPassword,use://jeecg/src/main/java/org/jeecgframework/web/system/controller/core/DynamicDataSourceController.java//showDbPassword
use://jeecg/src/main/webapp/webpage/jeecg/cgform/config/cgformColUpload.jsp//html/body/t:formvalid/input/value//headId,use://jeecg/src/main/java/org/jeecgframework/web/cgform/controller/config/CgFormHeadController.java//headId
use://jeecg/src/main/webapp/webpage/jeecg/cgform/excel/upload.jsp//html/body/t:formvalid/fieldset/div/t:upload/uploader//tableName,use://jeecg/src/main/java/org/jeecgframework/web/cgform/controller/excel/ExcelTempletController.java//tableName
use://jeecg/src/main/webapp/webpage/jeecg/cgform/button/cgformButtonList.jsp//html/body/div/div/t:datagrid/actionurl//formId,use://jeecg/src/main/java/org/jeecgframework/web/cgform/controller/button/CgformButtonController.java//formId
use://jeecg/src/main/webapp/webpage/jeecg/cgform/button/cgformButtonList.jsp//html/body/div/div/t:datagrid/t:dgdelopt/url//formId,use://jeecg/src/main/java/org/jeecgframework/web/cgform/controller/button/CgformButtonController.java//formId
use://jeecg/src/main/webapp/webpage/jeecg/cgform/button/cgformButtonList.jsp//html/body/div/div/t:datagrid/t:dgtoolbar/url//formId,use://jeecg/src/main/java/org/jeecgframework/web/cgform/controller/button/CgformButtonController.java//formId
use://jeecg/src/main/webapp/webpage/jeecg/cgform/cgformftl/cgformFtlList.jsp//html/body/div/div/t:datagrid/actionurl//formid,use://jeecg/src/main/java/org/jeecgframework/web/cgform/controller/cgformftl/CgformFtlController.java//formid
use://jeecg/src/main/webapp/webpage/jeecg/cgform/cgformftl/cgformFtlList.jsp//html/body/div/div/t:datagrid/t:dgdelopt/url//formid,use://jeecg/src/main/java/org/jeecgframework/web/cgform/controller/cgformftl/CgformFtlController.java//formid
use://jeecg/src/main/webapp/webpage/jeecg/cgform/cgformftl/cgformFtlList.jsp//html/body/div/div/t:datagrid/t:dgconfopt/url//formid,use://jeecg/src/main/java/org/jeecgframework/web/cgform/controller/cgformftl/CgformFtlController.java//formid
use://jeecg/src/main/webapp/webpage/jeecg/cgform/cgformftl/cgformFtlList.jsp//html/body/div/div/t:datagrid/t:dgtoolbar/url//formid,use://jeecg/src/main/java/org/jeecgframework/web/cgform/controller/cgformftl/CgformFtlController.java//formid
use://jeecg/src/main/webapp/webpage/jeecg/cgform/cgformftl/cgformFtlList2.jsp//html/body/div/div/t:datagrid/actionurl//formid,use://jeecg/src/main/java/org/jeecgframework/web/cgform/controller/cgformftl/CgformFtlController.java//formid
use://jeecg/src/main/webapp/webpage/jeecg/cgform/cgformftl/cgformFtlList2.jsp//html/body/div/div/t:datagrid/actionurl//formid,use://jeecg/src/main/java/org/jeecgframework/web/cgform/controller/cgformftl/CgformFtlController.java//formid
use://jeecg/src/main/webapp/webpage/jeecg/cgform/cgformftl/cgformFtlList2.jsp//html/body/div/div/t:datagrid/t:dgdelopt/url//formid,use://jeecg/src/main/java/org/jeecgframework/web/cgform/controller/cgformftl/CgformFtlController.java//formid
use://jeecg/src/main/webapp/webpage/jeecg/cgform/cgformftl/cgformFtlList2.jsp//html/body/div/div/t:datagrid/t:dgdelopt/url//formid,use://jeecg/src/main/java/org/jeecgframework/web/cgform/controller/cgformftl/CgformFtlController.java//formid
use://jeecg/src/main/webapp/webpage/jeecg/cgform/cgformftl/cgformFtlList2.jsp//html/body/div/div/t:datagrid/t:dgconfopt/url//formid,use://jeecg/src/main/java/org/jeecgframework/web/cgform/controller/cgformftl/CgformFtlController.java//formid
use://jeecg/src/main/webapp/webpage/jeecg/cgform/cgformftl/cgformFtlList2.jsp//html/body/div/div/t:datagrid/t:dgconfopt/url//formid,use://jeecg/src/main/java/org/jeecgframework/web/cgform/controller/cgformftl/CgformFtlController.java//formid
use://jeecg/src/main/webapp/webpage/jeecg/cgform/cgformftl/cgformFtlList2.jsp//html/body/div/div/t:datagrid/t:dgtoolbar/url//formid,use://jeecg/src/main/java/org/jeecgframework/web/cgform/controller/cgformftl/CgformFtlController.java//formid
use://jeecg/src/main/webapp/webpage/jeecg/cgform/cgformftl/cgformFtlList2.jsp//html/body/div/div/t:datagrid/t:dgtoolbar/url//formid,use://jeecg/src/main/java/org/jeecgframework/web/cgform/controller/cgformftl/CgformFtlController.java//formid
use://jeecg/src/main/webapp/webpage/jeecg/cgreport/core/cgreportConfigItemList.jsp//html/body/div/c:foreach/items//cgreportConfigItemList,use://jeecg/src/main/java/org/jeecgframework/web/cgreport/controller/core/CgreportConfigHeadController.java//cgreportConfigItemList
use://jeecg/src/main/webapp/webpage/jeecg/cgreport/core/cgreportConfigParamList.jsp//html/body/div/c:foreach/items//cgreportConfigParamList,use://jeecg/src/main/java/org/jeecgframework/web/cgreport/controller/core/CgreportConfigHeadController.java//cgreportConfigParamList
use://jeecg/src/main/webapp/webpage/jeecg/cgdynamgraph/core/cgDynamGraphConfigItemList.jsp//html/body/div/c:foreach/items//cgDynamGraphConfigItemList,use://jeecg/src/main/java/org/jeecgframework/web/cgdynamgraph/controller/CgDynamGraphConfigHeadController.java//cgDynamGraphConfigItemList
use://jeecg/src/main/webapp/webpage/jeecg/cgdynamgraph/core/cgDynamGraphConfigParamList.jsp//html/body/div/c:foreach/items//cgDynamGraphConfigParamList,use://jeecg/src/main/java/org/jeecgframework/web/cgdynamgraph/controller/CgDynamGraphConfigHeadController.java//cgDynamGraphConfigParamList
use://jeecg/src/main/webapp/webpage/com/jeecg/demo/jeecgDemo-print.jsp//html/body/div/t:formvalid/table/tbody/tr/td/c:foreach/items//departList,use://jeecg/src/main/java/com/jeecg/demo/controller/JeecgListDemoController.java//departList
use://jeecg/src/main/webapp/webpage/com/jeecg/demo/jfromOrderLineList.jsp//html/body/c:foreach/items//jfromOrderLineList,use://jeecg/src/main/java/com/jeecg/demo/controller/JfromOrderController.java//jfromOrderLineList
use://jeecg/src/main/webapp/webpage/com/jeecg/demo/orderOne2Many/jformOrderTicketList.jsp//html/body/c:foreach/items//jformOrderTicketList,use://jeecg/src/main/java/com/jeecg/demo/controller/JformOrderMainController.java//jformOrderTicketList
use://jeecg/src/main/webapp/webpage/com/jeecg/demo/orderOne2Many/jformOrderCustomerList.jsp//html/body/c:foreach/items//jformOrderCustomerList,use://jeecg/src/main/java/com/jeecg/demo/controller/JformOrderMainController.java//jformOrderCustomerList
use://jeecg/src/main/webapp/webpage/com/jeecg/demo/orderOne2Many/departSelect.jsp//html/body/input/value//defaultName,use://jeecg/src/main/java/com/jeecg/demo/controller/JformOrderMainController.java//defaultName
use://jeecg/src/main/webapp/webpage/com/jeecg/demo/jformOrderMain2/jformOrderCustomer2/add.jsp//html/body/t:formvalid/input/value//mainId,use://jeecg/src/main/java/com/jeecg/demo/controller/JformOrderCustomer2Controller.java//mainId
use://jeecg/src/main/webapp/webpage/com/jeecg/demo/jformOrderMain2/jformOrderTicket2/add.jsp//html/body/t:formvalid/input/value//mainId,use://jeecg/src/main/java/com/jeecg/demo/controller/JformOrderTicket2Controller.java//mainId
use://jeecg/src/main/webapp/webpage/com/jeecg/demo/jformOrderMain2/main/jformOrderTicket2.jsp//html/body/div/c:foreach/items//jformOrderTicket2List,use://jeecg/src/main/java/com/jeecg/demo/controller/JformOrderMain2Controller.java//jformOrderTicket2List
use://jeecg/src/main/webapp/webpage/com/jeecg/demo/jformOrderMain2/main/jformOrderCustomer2.jsp//html/body/div/c:foreach/items//jformOrderCustomer2List,use://jeecg/src/main/java/com/jeecg/demo/controller/JformOrderMain2Controller.java//jformOrderCustomer2List
use://jeecg/src/main/webapp/webpage/com/jeecg/demo/jformOrderMain2/main/addOrUpdate.jsp//html/body/form/input/value//mainId,use://jeecg/src/main/java/com/jeecg/demo/controller/JformOrderMain2Controller.java//mainId
use://jeecg/src/main/webapp/webpage/com/jeecg/demo/jformOrderMain2/main/addOrUpdate.jsp//html/body/form/div/ul/li/tab-ajax-url//load,use://jeecg/src/main/java/com/jeecg/demo/controller/JformOrderMain2Controller.java//load
use://jeecg/src/main/webapp/webpage/com/jeecg/demo/jformOrderMain2/main/addOrUpdate.jsp//html/body/form/div/ul/li/tab-ajax-url//mainId,use://jeecg/src/main/java/com/jeecg/demo/controller/JformOrderMain2Controller.java//mainId
