use,def
"use://src/main/resources/mapper/MallUserMapper.xml[language=FILE]//mapper/update[parameterType=ltd.newbee.mall.entity.MallUser,language=XML,queryId=updateByPrimaryKey]//Update/#{address\,jdbcType=VARCHAR}[language=ANY]","def://src/main/java/ltd/newbee/mall/entity/MallUser.java[language=FILE]//MallUser/address[varType=String,language=JAVA]"
"use://src/main/resources/mapper/NewBeeMallShoppingCartItemMapper.xml[language=FILE]//mapper/select[resultMap=BaseResultMap,language=XML,queryId=selectByUserIdAndGoodsId]//Select/Where/=/#{goodsId\,jdbcType=BIGINT}[language=ANY]","def://src/main/java/ltd/newbee/mall/dao/NewBeeMallShoppingCartItemMapper.java[language=FILE]//NewBeeMallShoppingCartItemMapper/selectByUserIdAndGoodsId/goodsId/@Param\\(""goodsId""\\)[language=JAVA]"
"use://src/main/resources/mapper/IndexConfigMapper.xml[language=FILE]//mapper/insert[parameterType=ltd.newbee.mall.entity.IndexConfig,language=XML,queryId=insert]//Insert/#{configName\,jdbcType=VARCHAR}[language=ANY]","def://src/main/java/ltd/newbee/mall/entity/IndexConfig.java[language=FILE]//IndexConfig/configName[varType=String,language=JAVA]"
"use://src/main/resources/mapper/IndexConfigMapper.xml[language=FILE]//mapper/insert[parameterType=ltd.newbee.mall.entity.IndexConfig,language=XML,queryId=insert]//Insert/#{createUser\,jdbcType=INTEGER}[language=ANY]","def://src/main/java/ltd/newbee/mall/entity/IndexConfig.java[language=FILE]//IndexConfig/createUser[varType=Integer,language=JAVA]"
"use://src/main/resources/mapper/NewBeeMallOrderItemMapper.xml[language=FILE]//mapper/update[parameterType=ltd.newbee.mall.entity.NewBeeMallOrderItem,language=XML,queryId=updateByPrimaryKey]//Update/#{goodsName\,jdbcType=VARCHAR}[language=ANY]","def://src/main/java/ltd/newbee/mall/entity/NewBeeMallOrderItem.java[language=FILE]//NewBeeMallOrderItem/goodsName[varType=String,language=JAVA]"
"use://src/main/resources/mapper/NewBeeMallGoodsMapper.xml[language=FILE]//mapper/update[parameterType=ltd.newbee.mall.entity.NewBeeMallGoods,language=XML,queryId=updateByPrimaryKeyWithBLOBs]//Update/#{goodsName\,jdbcType=VARCHAR}[language=ANY]","def://src/main/java/ltd/newbee/mall/entity/NewBeeMallGoods.java[language=FILE]//NewBeeMallGoods/goodsName[varType=String,language=JAVA]"
"use://src/main/resources/mapper/MallUserMapper.xml[language=FILE]//mapper/insert[parameterType=ltd.newbee.mall.entity.MallUser,language=XML,queryId=insert]//Insert/#{address\,jdbcType=VARCHAR}[language=ANY]","def://src/main/java/ltd/newbee/mall/entity/MallUser.java[language=FILE]//MallUser/address[varType=String,language=JAVA]"
"use://src/main/resources/mapper/GoodsCategoryMapper.xml[language=FILE]//mapper/select[resultMap=BaseResultMap,language=XML,queryId=selectByLevelAndName]//Select/Where/=/#{categoryName\,jdbcType=VARCHAR}[language=ANY]","def://src/main/java/ltd/newbee/mall/dao/GoodsCategoryMapper.java[language=FILE]//GoodsCategoryMapper/selectByLevelAndName/categoryName/@Param\\(""categoryName""\\)[language=JAVA]"
"use://src/main/resources/mapper/NewBeeMallGoodsMapper.xml[language=FILE]//mapper/insert[parameterType=ltd.newbee.mall.entity.NewBeeMallGoods,language=XML,queryId=insert]//Insert/#{goodsDetailContent\,jdbcType=LONGVARCHAR}[language=ANY]","def://src/main/java/ltd/newbee/mall/entity/NewBeeMallGoods.java[language=FILE]//NewBeeMallGoods/goodsDetailContent[varType=String,language=JAVA]"
"use://src/main/resources/mapper/IndexConfigMapper.xml[language=FILE]//mapper/insert[parameterType=ltd.newbee.mall.entity.IndexConfig,language=XML,queryId=insert]//Insert/#{redirectUrl\,jdbcType=VARCHAR}[language=ANY]","def://src/main/java/ltd/newbee/mall/entity/IndexConfig.java[language=FILE]//IndexConfig/redirectUrl[varType=String,language=JAVA]"
"use://src/main/resources/mapper/GoodsCategoryMapper.xml[language=FILE]//mapper/update[parameterType=ltd.newbee.mall.entity.GoodsCategory,language=XML,queryId=updateByPrimaryKey]//Update/#{createTime\,jdbcType=TIMESTAMP}[language=ANY]","def://src/main/java/ltd/newbee/mall/entity/GoodsCategory.java[language=FILE]//GoodsCategory/createTime[varType=Date,language=JAVA]"
"use://src/main/resources/mapper/NewBeeMallOrderItemMapper.xml[language=FILE]//mapper/update[parameterType=ltd.newbee.mall.entity.NewBeeMallOrderItem,language=XML,queryId=updateByPrimaryKey]//Update/#{goodsCount\,jdbcType=INTEGER}[language=ANY]","def://src/main/java/ltd/newbee/mall/entity/NewBeeMallOrderItem.java[language=FILE]//NewBeeMallOrderItem/goodsCount[varType=Integer,language=JAVA]"
"use://src/main/resources/mapper/NewBeeMallOrderMapper.xml[language=FILE]//mapper/update[parameterType=ltd.newbee.mall.entity.NewBeeMallOrder,language=XML,queryId=updateByPrimaryKey]//Update/Where/=/#{orderId\,jdbcType=BIGINT}[language=ANY]","def://src/main/java/ltd/newbee/mall/entity/NewBeeMallOrder.java[language=FILE]//NewBeeMallOrder/orderId[varType=Long,language=JAVA]"
"use://src/main/resources/mapper/MallUserMapper.xml[language=FILE]//mapper/insert[parameterType=ltd.newbee.mall.entity.MallUser,language=XML,queryId=insert]//Insert/#{createTime\,jdbcType=TIMESTAMP}[language=ANY]","def://src/main/java/ltd/newbee/mall/entity/MallUser.java[language=FILE]//MallUser/createTime[varType=Date,language=JAVA]"
"use://src/main/resources/mapper/MallUserMapper.xml[language=FILE]//mapper/insert[parameterType=ltd.newbee.mall.entity.MallUser,language=XML,queryId=insert]//Insert/#{introduceSign\,jdbcType=VARCHAR}[language=ANY]","def://src/main/java/ltd/newbee/mall/entity/MallUser.java[language=FILE]//MallUser/introduceSign[varType=String,language=JAVA]"
"use://src/main/resources/mapper/MallUserMapper.xml[language=FILE]//mapper/update[parameterType=ltd.newbee.mall.entity.MallUser,language=XML,queryId=updateByPrimaryKey]//Update/#{nickName\,jdbcType=VARCHAR}[language=ANY]","def://src/main/java/ltd/newbee/mall/entity/MallUser.java[language=FILE]//MallUser/nickName[varType=String,language=JAVA]"
"use://src/main/resources/mapper/GoodsCategoryMapper.xml[language=FILE]//mapper/insert[parameterType=ltd.newbee.mall.entity.GoodsCategory,language=XML,queryId=insert]//Insert/#{isDeleted\,jdbcType=TINYINT}[language=ANY]","def://src/main/java/ltd/newbee/mall/entity/GoodsCategory.java[language=FILE]//GoodsCategory/isDeleted[varType=Byte,language=JAVA]"
"use://src/main/resources/mapper/NewBeeMallGoodsMapper.xml[language=FILE]//mapper/select[resultMap=ResultMapWithBLOBs,language=XML,queryId=selectByCategoryIdAndName]//Select/Where/=/#{goodsCategoryId\,jdbcType=BIGINT}[language=ANY]","def://src/main/java/ltd/newbee/mall/dao/NewBeeMallGoodsMapper.java[language=FILE]//NewBeeMallGoodsMapper/selectByCategoryIdAndName/goodsCategoryId/@Param\\(""goodsCategoryId""\\)[language=JAVA]"
"use://src/main/resources/mapper/CarouselMapper.xml[language=FILE]//mapper/insert[parameterType=ltd.newbee.mall.entity.Carousel,language=XML,queryId=insert]//Insert/#{createUser\,jdbcType=INTEGER}[language=ANY]","def://src/main/java/ltd/newbee/mall/entity/Carousel.java[language=FILE]//Carousel/createUser[varType=Integer,language=JAVA]"
"use://src/main/resources/mapper/GoodsCategoryMapper.xml[language=FILE]//mapper/insert[parameterType=ltd.newbee.mall.entity.GoodsCategory,language=XML,queryId=insert]//Insert/#{createUser\,jdbcType=INTEGER}[language=ANY]","def://src/main/java/ltd/newbee/mall/entity/GoodsCategory.java[language=FILE]//GoodsCategory/createUser[varType=Integer,language=JAVA]"
"use://src/main/resources/mapper/NewBeeMallOrderItemMapper.xml[language=FILE]//mapper/select[parameterType=java.lang.Long,resultMap=BaseResultMap,language=XML,queryId=selectByPrimaryKey]//Select/Where/=/#{orderItemId\,jdbcType=BIGINT}[language=ANY]","def://src/main/java/ltd/newbee/mall/dao/NewBeeMallOrderItemMapper.java[language=FILE]//NewBeeMallOrderItemMapper/selectByPrimaryKey/orderItemId[varType=Long,language=JAVA]"
"use://src/main/resources/mapper/NewBeeMallShoppingCartItemMapper.xml[language=FILE]//mapper/select[language=XML,resultType=int,queryId=selectCountByUserId]//Select/Where/=/#{newBeeMallUserId\,jdbcType=BIGINT}[language=ANY]","def://src/main/java/ltd/newbee/mall/dao/NewBeeMallShoppingCartItemMapper.java[language=FILE]//NewBeeMallShoppingCartItemMapper/selectCountByUserId/newBeeMallUserId[varType=Long,language=JAVA]"
"use://src/main/resources/mapper/CarouselMapper.xml[language=FILE]//mapper/update[parameterType=ltd.newbee.mall.entity.Carousel,language=XML,queryId=updateByPrimaryKey]//Update/Where/=/#{carouselId\,jdbcType=INTEGER}[language=ANY]","def://src/main/java/ltd/newbee/mall/entity/Carousel.java[language=FILE]//Carousel/carouselId[varType=Integer,language=JAVA]"
"use://src/main/resources/mapper/NewBeeMallGoodsMapper.xml[language=FILE]//mapper/insert[parameterType=ltd.newbee.mall.entity.NewBeeMallGoods,language=XML,queryId=insert]//Insert/#{goodsSellStatus\,jdbcType=TINYINT}[language=ANY]","def://src/main/java/ltd/newbee/mall/entity/NewBeeMallGoods.java[language=FILE]//NewBeeMallGoods/goodsSellStatus[varType=Byte,language=JAVA]"
"use://src/main/resources/mapper/NewBeeMallGoodsMapper.xml[language=FILE]//mapper/insert[parameterType=ltd.newbee.mall.entity.NewBeeMallGoods,language=XML,queryId=insert]//Insert/#{createUser\,jdbcType=INTEGER}[language=ANY]","def://src/main/java/ltd/newbee/mall/entity/NewBeeMallGoods.java[language=FILE]//NewBeeMallGoods/createUser[varType=Integer,language=JAVA]"
"use://src/main/resources/mapper/NewBeeMallOrderMapper.xml[language=FILE]//mapper/update[parameterType=ltd.newbee.mall.entity.NewBeeMallOrder,language=XML,queryId=updateByPrimaryKey]//Update/#{payTime\,jdbcType=TIMESTAMP}[language=ANY]","def://src/main/java/ltd/newbee/mall/entity/NewBeeMallOrder.java[language=FILE]//NewBeeMallOrder/payTime[varType=Date,language=JAVA]"
"use://src/main/resources/mapper/IndexConfigMapper.xml[language=FILE]//mapper/insert[parameterType=ltd.newbee.mall.entity.IndexConfig,language=XML,queryId=insert]//Insert/#{configRank\,jdbcType=INTEGER}[language=ANY]","def://src/main/java/ltd/newbee/mall/entity/IndexConfig.java[language=FILE]//IndexConfig/configRank[varType=Integer,language=JAVA]"
"use://src/main/resources/mapper/GoodsCategoryMapper.xml[language=FILE]//mapper/update[parameterType=ltd.newbee.mall.entity.GoodsCategory,language=XML,queryId=updateByPrimaryKey]//Update/Where/=/#{categoryId\,jdbcType=BIGINT}[language=ANY]","def://src/main/java/ltd/newbee/mall/entity/GoodsCategory.java[language=FILE]//GoodsCategory/categoryId[varType=Long,language=JAVA]"
"use://src/main/resources/mapper/GoodsCategoryMapper.xml[language=FILE]//mapper/update[parameterType=ltd.newbee.mall.entity.GoodsCategory,language=XML,queryId=updateByPrimaryKey]//Update/#{createUser\,jdbcType=INTEGER}[language=ANY]","def://src/main/java/ltd/newbee/mall/entity/GoodsCategory.java[language=FILE]//GoodsCategory/createUser[varType=Integer,language=JAVA]"
"use://src/main/resources/mapper/AdminUserMapper.xml[language=FILE]//mapper/insert[parameterType=ltd.newbee.mall.entity.AdminUser,language=XML,queryId=insert]//Insert/#{adminUserId\,jdbcType=INTEGER}[language=ANY]","def://src/main/java/ltd/newbee/mall/entity/AdminUser.java[language=FILE]//AdminUser/adminUserId[varType=Integer,language=JAVA]"
"use://src/main/resources/mapper/NewBeeMallOrderItemMapper.xml[language=FILE]//mapper/update[parameterType=ltd.newbee.mall.entity.NewBeeMallOrderItem,language=XML,queryId=updateByPrimaryKey]//Update/#{goodsId\,jdbcType=BIGINT}[language=ANY]","def://src/main/java/ltd/newbee/mall/entity/NewBeeMallOrderItem.java[language=FILE]//NewBeeMallOrderItem/goodsId[varType=Long,language=JAVA]"
"use://src/main/resources/mapper/NewBeeMallGoodsMapper.xml[language=FILE]//mapper/update[parameterType=ltd.newbee.mall.entity.NewBeeMallGoods,language=XML,queryId=updateByPrimaryKeyWithBLOBs]//Update/#{createTime\,jdbcType=TIMESTAMP}[language=ANY]","def://src/main/java/ltd/newbee/mall/entity/NewBeeMallGoods.java[language=FILE]//NewBeeMallGoods/createTime[varType=Date,language=JAVA]"
"use://src/main/resources/mapper/CarouselMapper.xml[language=FILE]//mapper/update[parameterType=ltd.newbee.mall.entity.Carousel,language=XML,queryId=updateByPrimaryKey]//Update/#{redirectUrl\,jdbcType=VARCHAR}[language=ANY]","def://src/main/java/ltd/newbee/mall/entity/Carousel.java[language=FILE]//Carousel/redirectUrl[varType=String,language=JAVA]"
"use://src/main/resources/mapper/NewBeeMallGoodsMapper.xml[language=FILE]//mapper/update[language=XML,queryId=batchUpdateSellStatus]//Update/#{sellStatus}[language=ANY]","def://src/main/java/ltd/newbee/mall/dao/NewBeeMallGoodsMapper.java[language=FILE]//NewBeeMallGoodsMapper/batchUpdateSellStatus/sellStatus/@Param\\(""sellStatus""\\)[language=JAVA]"
"use://src/main/resources/mapper/GoodsCategoryMapper.xml[language=FILE]//mapper/update[parameterType=ltd.newbee.mall.entity.GoodsCategory,language=XML,queryId=updateByPrimaryKey]//Update/#{categoryName\,jdbcType=VARCHAR}[language=ANY]","def://src/main/java/ltd/newbee/mall/entity/GoodsCategory.java[language=FILE]//GoodsCategory/categoryName[varType=String,language=JAVA]"
"use://src/main/resources/mapper/NewBeeMallOrderMapper.xml[language=FILE]//mapper/update[parameterType=ltd.newbee.mall.entity.NewBeeMallOrder,language=XML,queryId=updateByPrimaryKey]//Update/#{totalPrice\,jdbcType=INTEGER}[language=ANY]","def://src/main/java/ltd/newbee/mall/entity/NewBeeMallOrder.java[language=FILE]//NewBeeMallOrder/totalPrice[varType=Integer,language=JAVA]"
"use://src/main/resources/mapper/AdminUserMapper.xml[language=FILE]//mapper/insert[parameterType=ltd.newbee.mall.entity.AdminUser,language=XML,queryId=insert]//Insert/#{loginPassword\,jdbcType=VARCHAR}[language=ANY]","def://src/main/java/ltd/newbee/mall/entity/AdminUser.java[language=FILE]//AdminUser/loginPassword[varType=String,language=JAVA]"
"use://src/main/resources/mapper/AdminUserMapper.xml[language=FILE]//mapper/insert[parameterType=ltd.newbee.mall.entity.AdminUser,language=XML,queryId=insert]//Insert/#{nickName\,jdbcType=VARCHAR}[language=ANY]","def://src/main/java/ltd/newbee/mall/entity/AdminUser.java[language=FILE]//AdminUser/nickName[varType=String,language=JAVA]"
"use://src/main/resources/mapper/IndexConfigMapper.xml[language=FILE]//mapper/insert[parameterType=ltd.newbee.mall.entity.IndexConfig,language=XML,queryId=insert]//Insert/#{updateUser\,jdbcType=INTEGER}[language=ANY]","def://src/main/java/ltd/newbee/mall/entity/IndexConfig.java[language=FILE]//IndexConfig/updateUser[varType=Integer,language=JAVA]"
"use://src/main/resources/mapper/NewBeeMallGoodsMapper.xml[language=FILE]//mapper/insert[parameterType=ltd.newbee.mall.entity.NewBeeMallGoods,language=XML,queryId=insert]//Insert/#{tag\,jdbcType=VARCHAR}[language=ANY]","def://src/main/java/ltd/newbee/mall/entity/NewBeeMallGoods.java[language=FILE]//NewBeeMallGoods/tag[varType=String,language=JAVA]"
"use://src/main/resources/mapper/NewBeeMallOrderItemMapper.xml[language=FILE]//mapper/insert[parameterType=ltd.newbee.mall.entity.NewBeeMallOrderItem,language=XML,queryId=insert]//Insert/#{goodsId\,jdbcType=BIGINT}[language=ANY]","def://src/main/java/ltd/newbee/mall/entity/NewBeeMallOrderItem.java[language=FILE]//NewBeeMallOrderItem/goodsId[varType=Long,language=JAVA]"
"use://src/main/resources/mapper/CarouselMapper.xml[language=FILE]//mapper/insert[parameterType=ltd.newbee.mall.entity.Carousel,language=XML,queryId=insert]//Insert/#{isDeleted\,jdbcType=TINYINT}[language=ANY]","def://src/main/java/ltd/newbee/mall/entity/Carousel.java[language=FILE]//Carousel/isDeleted[varType=Byte,language=JAVA]"
"use://src/main/resources/mapper/NewBeeMallOrderMapper.xml[language=FILE]//mapper/update[parameterType=ltd.newbee.mall.entity.NewBeeMallOrder,language=XML,queryId=updateByPrimaryKey]//Update/#{payType\,jdbcType=TINYINT}[language=ANY]","def://src/main/java/ltd/newbee/mall/entity/NewBeeMallOrder.java[language=FILE]//NewBeeMallOrder/payType[varType=Byte,language=JAVA]"
"use://src/main/resources/mapper/AdminUserMapper.xml[language=FILE]//mapper/select[resultMap=BaseResultMap,language=XML,queryId=login]//Select/Where/=/#{userName\,jdbcType=VARCHAR}[language=ANY]","def://src/main/java/ltd/newbee/mall/dao/AdminUserMapper.java[language=FILE]//AdminUserMapper/login/userName/@Param\\(""userName""\\)[language=JAVA]"
"use://src/main/resources/mapper/NewBeeMallShoppingCartItemMapper.xml[language=FILE]//mapper/update[parameterType=ltd.newbee.mall.entity.NewBeeMallShoppingCartItem,language=XML,queryId=updateByPrimaryKey]//Update/#{userId\,jdbcType=BIGINT}[language=ANY]","def://src/main/java/ltd/newbee/mall/entity/NewBeeMallShoppingCartItem.java[language=FILE]//NewBeeMallShoppingCartItem/userId[varType=Long,language=JAVA]"
"use://src/main/resources/mapper/IndexConfigMapper.xml[language=FILE]//mapper/select[resultMap=BaseResultMap,language=XML,queryId=selectByTypeAndGoodsId]//Select/Where/=/#{configType\,jdbcType=BIGINT}[language=ANY]","def://src/main/java/ltd/newbee/mall/dao/IndexConfigMapper.java[language=FILE]//IndexConfigMapper/selectByTypeAndGoodsId/configType/@Param\\(""configType""\\)[language=JAVA]"
"use://src/main/resources/mapper/IndexConfigMapper.xml[language=FILE]//mapper/update[parameterType=ltd.newbee.mall.entity.IndexConfig,language=XML,queryId=updateByPrimaryKey]//Update/#{redirectUrl\,jdbcType=VARCHAR}[language=ANY]","def://src/main/java/ltd/newbee/mall/entity/IndexConfig.java[language=FILE]//IndexConfig/redirectUrl[varType=String,language=JAVA]"
"use://src/main/resources/mapper/NewBeeMallOrderMapper.xml[language=FILE]//mapper/update[language=XML,queryId=closeOrder]//Update/#{orderStatus}[language=ANY]","def://src/main/java/ltd/newbee/mall/dao/NewBeeMallOrderMapper.java[language=FILE]//NewBeeMallOrderMapper/closeOrder/orderStatus/@Param\\(""orderStatus""\\)[language=JAVA]"
"use://src/main/resources/mapper/IndexConfigMapper.xml[language=FILE]//mapper/insert[parameterType=ltd.newbee.mall.entity.IndexConfig,language=XML,queryId=insert]//Insert/#{configId\,jdbcType=BIGINT}[language=ANY]","def://src/main/java/ltd/newbee/mall/entity/IndexConfig.java[language=FILE]//IndexConfig/configId[varType=Long,language=JAVA]"
"use://src/main/resources/mapper/CarouselMapper.xml[language=FILE]//mapper/update[parameterType=ltd.newbee.mall.entity.Carousel,language=XML,queryId=updateByPrimaryKey]//Update/#{createUser\,jdbcType=INTEGER}[language=ANY]","def://src/main/java/ltd/newbee/mall/entity/Carousel.java[language=FILE]//Carousel/createUser[varType=Integer,language=JAVA]"
"use://src/main/resources/mapper/CarouselMapper.xml[language=FILE]//mapper/delete[parameterType=java.lang.Integer,language=XML,queryId=deleteByPrimaryKey]//Delete/Where/=/#{carouselId\,jdbcType=INTEGER}[language=ANY]","def://src/main/java/ltd/newbee/mall/dao/CarouselMapper.java[language=FILE]//CarouselMapper/deleteByPrimaryKey/carouselId[varType=Integer,language=JAVA]"
"use://src/main/resources/mapper/MallUserMapper.xml[language=FILE]//mapper/insert[parameterType=ltd.newbee.mall.entity.MallUser,language=XML,queryId=insert]//Insert/#{nickName\,jdbcType=VARCHAR}[language=ANY]","def://src/main/java/ltd/newbee/mall/entity/MallUser.java[language=FILE]//MallUser/nickName[varType=String,language=JAVA]"
"use://src/main/resources/mapper/NewBeeMallShoppingCartItemMapper.xml[language=FILE]//mapper/update[parameterType=ltd.newbee.mall.entity.NewBeeMallShoppingCartItem,language=XML,queryId=updateByPrimaryKey]//Update/#{goodsCount\,jdbcType=INTEGER}[language=ANY]","def://src/main/java/ltd/newbee/mall/entity/NewBeeMallShoppingCartItem.java[language=FILE]//NewBeeMallShoppingCartItem/goodsCount[varType=Integer,language=JAVA]"
"use://src/main/resources/mapper/NewBeeMallGoodsMapper.xml[language=FILE]//mapper/update[parameterType=ltd.newbee.mall.entity.NewBeeMallGoods,language=XML,queryId=updateByPrimaryKeyWithBLOBs]//Update/#{goodsIntro\,jdbcType=VARCHAR}[language=ANY]","def://src/main/java/ltd/newbee/mall/entity/NewBeeMallGoods.java[language=FILE]//NewBeeMallGoods/goodsIntro[varType=String,language=JAVA]"
"use://src/main/resources/mapper/MallUserMapper.xml[language=FILE]//mapper/update[parameterType=java.lang.Long,language=XML,queryId=deleteByPrimaryKey]//Update/Where/=/#{userId\,jdbcType=BIGINT}[language=ANY]","def://src/main/java/ltd/newbee/mall/dao/MallUserMapper.java[language=FILE]//MallUserMapper/deleteByPrimaryKey/userId[varType=Long,language=JAVA]"
"use://src/main/resources/mapper/NewBeeMallOrderMapper.xml[language=FILE]//mapper/insert[parameterType=ltd.newbee.mall.entity.NewBeeMallOrder,language=XML,queryId=insert]//Insert/#{userAddress\,jdbcType=VARCHAR}[language=ANY]","def://src/main/java/ltd/newbee/mall/entity/NewBeeMallOrder.java[language=FILE]//NewBeeMallOrder/userAddress[varType=String,language=JAVA]"
"use://src/main/resources/mapper/NewBeeMallOrderMapper.xml[language=FILE]//mapper/update[parameterType=ltd.newbee.mall.entity.NewBeeMallOrder,language=XML,queryId=updateByPrimaryKey]//Update/#{updateTime\,jdbcType=TIMESTAMP}[language=ANY]","def://src/main/java/ltd/newbee/mall/entity/NewBeeMallOrder.java[language=FILE]//NewBeeMallOrder/updateTime[varType=Date,language=JAVA]"
"use://src/main/resources/mapper/IndexConfigMapper.xml[language=FILE]//mapper/select[parameterType=java.lang.Long,resultMap=BaseResultMap,language=XML,queryId=selectByPrimaryKey]//Select/Where/=/#{configId\,jdbcType=BIGINT}[language=ANY]","def://src/main/java/ltd/newbee/mall/dao/IndexConfigMapper.java[language=FILE]//IndexConfigMapper/selectByPrimaryKey/configId[varType=Long,language=JAVA]"
"use://src/main/resources/mapper/MallUserMapper.xml[language=FILE]//mapper/update[parameterType=ltd.newbee.mall.entity.MallUser,language=XML,queryId=updateByPrimaryKey]//Update/#{lockedFlag\,jdbcType=TINYINT}[language=ANY]","def://src/main/java/ltd/newbee/mall/entity/MallUser.java[language=FILE]//MallUser/lockedFlag[varType=Byte,language=JAVA]"
"use://src/main/resources/mapper/AdminUserMapper.xml[language=FILE]//mapper/update[parameterType=ltd.newbee.mall.entity.AdminUser,language=XML,queryId=updateByPrimaryKey]//Update/#{loginUserName\,jdbcType=VARCHAR}[language=ANY]","def://src/main/java/ltd/newbee/mall/entity/AdminUser.java[language=FILE]//AdminUser/loginUserName[varType=String,language=JAVA]"
"use://src/main/resources/mapper/AdminUserMapper.xml[language=FILE]//mapper/insert[parameterType=ltd.newbee.mall.entity.AdminUser,language=XML,queryId=insert]//Insert/#{locked\,jdbcType=TINYINT}[language=ANY]","def://src/main/java/ltd/newbee/mall/entity/AdminUser.java[language=FILE]//AdminUser/locked[varType=Byte,language=JAVA]"
"use://src/main/resources/mapper/IndexConfigMapper.xml[language=FILE]//mapper/insert[parameterType=ltd.newbee.mall.entity.IndexConfig,language=XML,queryId=insert]//Insert/#{goodsId\,jdbcType=BIGINT}[language=ANY]","def://src/main/java/ltd/newbee/mall/entity/IndexConfig.java[language=FILE]//IndexConfig/goodsId[varType=Long,language=JAVA]"
"use://src/main/resources/mapper/MallUserMapper.xml[language=FILE]//mapper/update[parameterType=ltd.newbee.mall.entity.MallUser,language=XML,queryId=updateByPrimaryKey]//Update/#{introduceSign\,jdbcType=VARCHAR}[language=ANY]","def://src/main/java/ltd/newbee/mall/entity/MallUser.java[language=FILE]//MallUser/introduceSign[varType=String,language=JAVA]"
"use://src/main/resources/mapper/MallUserMapper.xml[language=FILE]//mapper/insert[parameterType=ltd.newbee.mall.entity.MallUser,language=XML,queryId=insert]//Insert/#{userId\,jdbcType=BIGINT}[language=ANY]","def://src/main/java/ltd/newbee/mall/entity/MallUser.java[language=FILE]//MallUser/userId[varType=Long,language=JAVA]"
"use://src/main/resources/mapper/NewBeeMallShoppingCartItemMapper.xml[language=FILE]//mapper/update[parameterType=ltd.newbee.mall.entity.NewBeeMallShoppingCartItem,language=XML,queryId=updateByPrimaryKey]//Update/#{isDeleted\,jdbcType=TINYINT}[language=ANY]","def://src/main/java/ltd/newbee/mall/entity/NewBeeMallShoppingCartItem.java[language=FILE]//NewBeeMallShoppingCartItem/isDeleted[varType=Byte,language=JAVA]"
"use://src/main/resources/mapper/AdminUserMapper.xml[language=FILE]//mapper/update[parameterType=ltd.newbee.mall.entity.AdminUser,language=XML,queryId=updateByPrimaryKey]//Update/#{nickName\,jdbcType=VARCHAR}[language=ANY]","def://src/main/java/ltd/newbee/mall/entity/AdminUser.java[language=FILE]//AdminUser/nickName[varType=String,language=JAVA]"
"use://src/main/resources/mapper/NewBeeMallShoppingCartItemMapper.xml[language=FILE]//mapper/insert[parameterType=ltd.newbee.mall.entity.NewBeeMallShoppingCartItem,language=XML,queryId=insert]//Insert/#{cartItemId\,jdbcType=BIGINT}[language=ANY]","def://src/main/java/ltd/newbee/mall/entity/NewBeeMallShoppingCartItem.java[language=FILE]//NewBeeMallShoppingCartItem/cartItemId[varType=Long,language=JAVA]"
"use://src/main/resources/mapper/NewBeeMallOrderMapper.xml[language=FILE]//mapper/insert[parameterType=ltd.newbee.mall.entity.NewBeeMallOrder,language=XML,queryId=insert]//Insert/#{totalPrice\,jdbcType=INTEGER}[language=ANY]","def://src/main/java/ltd/newbee/mall/entity/NewBeeMallOrder.java[language=FILE]//NewBeeMallOrder/totalPrice[varType=Integer,language=JAVA]"
"use://src/main/resources/mapper/GoodsCategoryMapper.xml[language=FILE]//mapper/insert[parameterType=ltd.newbee.mall.entity.GoodsCategory,language=XML,queryId=insert]//Insert/#{createTime\,jdbcType=TIMESTAMP}[language=ANY]","def://src/main/java/ltd/newbee/mall/entity/GoodsCategory.java[language=FILE]//GoodsCategory/createTime[varType=Date,language=JAVA]"
"use://src/main/resources/mapper/CarouselMapper.xml[language=FILE]//mapper/update[parameterType=ltd.newbee.mall.entity.Carousel,language=XML,queryId=updateByPrimaryKey]//Update/#{isDeleted\,jdbcType=TINYINT}[language=ANY]","def://src/main/java/ltd/newbee/mall/entity/Carousel.java[language=FILE]//Carousel/isDeleted[varType=Byte,language=JAVA]"
"use://src/main/resources/mapper/NewBeeMallShoppingCartItemMapper.xml[language=FILE]//mapper/update[parameterType=java.lang.Long,language=XML,queryId=deleteByPrimaryKey]//Update/Where/=/#{cartItemId\,jdbcType=BIGINT}[language=ANY]","def://src/main/java/ltd/newbee/mall/dao/NewBeeMallShoppingCartItemMapper.java[language=FILE]//NewBeeMallShoppingCartItemMapper/deleteByPrimaryKey/cartItemId[varType=Long,language=JAVA]"
"use://src/main/resources/mapper/NewBeeMallGoodsMapper.xml[language=FILE]//mapper/update[parameterType=ltd.newbee.mall.entity.NewBeeMallGoods,language=XML,queryId=updateByPrimaryKeyWithBLOBs]//Update/#{originalPrice\,jdbcType=INTEGER}[language=ANY]","def://src/main/java/ltd/newbee/mall/entity/NewBeeMallGoods.java[language=FILE]//NewBeeMallGoods/originalPrice[varType=Integer,language=JAVA]"
"use://src/main/resources/mapper/IndexConfigMapper.xml[language=FILE]//mapper/update[parameterType=ltd.newbee.mall.entity.IndexConfig,language=XML,queryId=updateByPrimaryKey]//Update/#{configRank\,jdbcType=INTEGER}[language=ANY]","def://src/main/java/ltd/newbee/mall/entity/IndexConfig.java[language=FILE]//IndexConfig/configRank[varType=Integer,language=JAVA]"
"use://src/main/resources/mapper/NewBeeMallOrderItemMapper.xml[language=FILE]//mapper/insert[parameterType=ltd.newbee.mall.entity.NewBeeMallOrderItem,language=XML,queryId=insert]//Insert/#{goodsName\,jdbcType=VARCHAR}[language=ANY]","def://src/main/java/ltd/newbee/mall/entity/NewBeeMallOrderItem.java[language=FILE]//NewBeeMallOrderItem/goodsName[varType=String,language=JAVA]"
"use://src/main/resources/mapper/GoodsCategoryMapper.xml[language=FILE]//mapper/update[parameterType=java.lang.Long,language=XML,queryId=deleteByPrimaryKey]//Update/Where/=/#{categoryId\,jdbcType=BIGINT}[language=ANY]","def://src/main/java/ltd/newbee/mall/dao/GoodsCategoryMapper.java[language=FILE]//GoodsCategoryMapper/deleteByPrimaryKey/categoryId[varType=Long,language=JAVA]"
"use://src/main/resources/mapper/GoodsCategoryMapper.xml[language=FILE]//mapper/update[parameterType=ltd.newbee.mall.entity.GoodsCategory,language=XML,queryId=updateByPrimaryKey]//Update/#{isDeleted\,jdbcType=TINYINT}[language=ANY]","def://src/main/java/ltd/newbee/mall/entity/GoodsCategory.java[language=FILE]//GoodsCategory/isDeleted[varType=Byte,language=JAVA]"
"use://src/main/resources/mapper/NewBeeMallOrderItemMapper.xml[language=FILE]//mapper/update[parameterType=ltd.newbee.mall.entity.NewBeeMallOrderItem,language=XML,queryId=updateByPrimaryKey]//Update/#{createTime\,jdbcType=TIMESTAMP}[language=ANY]","def://src/main/java/ltd/newbee/mall/entity/NewBeeMallOrderItem.java[language=FILE]//NewBeeMallOrderItem/createTime[varType=Date,language=JAVA]"
"use://src/main/resources/mapper/NewBeeMallShoppingCartItemMapper.xml[language=FILE]//mapper/update[parameterType=ltd.newbee.mall.entity.NewBeeMallShoppingCartItem,language=XML,queryId=updateByPrimaryKey]//Update/#{goodsId\,jdbcType=BIGINT}[language=ANY]","def://src/main/java/ltd/newbee/mall/entity/NewBeeMallShoppingCartItem.java[language=FILE]//NewBeeMallShoppingCartItem/goodsId[varType=Long,language=JAVA]"
"use://src/main/resources/mapper/NewBeeMallGoodsMapper.xml[language=FILE]//mapper/insert[parameterType=ltd.newbee.mall.entity.NewBeeMallGoods,language=XML,queryId=insert]//Insert/#{goodsCoverImg\,jdbcType=VARCHAR}[language=ANY]","def://src/main/java/ltd/newbee/mall/entity/NewBeeMallGoods.java[language=FILE]//NewBeeMallGoods/goodsCoverImg[varType=String,language=JAVA]"
"use://src/main/resources/mapper/CarouselMapper.xml[language=FILE]//mapper/insert[parameterType=ltd.newbee.mall.entity.Carousel,language=XML,queryId=insert]//Insert/#{carouselId\,jdbcType=INTEGER}[language=ANY]","def://src/main/java/ltd/newbee/mall/entity/Carousel.java[language=FILE]//Carousel/carouselId[varType=Integer,language=JAVA]"
"use://src/main/resources/mapper/MallUserMapper.xml[language=FILE]//mapper/update[parameterType=ltd.newbee.mall.entity.MallUser,language=XML,queryId=updateByPrimaryKey]//Update/#{createTime\,jdbcType=TIMESTAMP}[language=ANY]","def://src/main/java/ltd/newbee/mall/entity/MallUser.java[language=FILE]//MallUser/createTime[varType=Date,language=JAVA]"
"use://src/main/resources/mapper/CarouselMapper.xml[language=FILE]//mapper/update[parameterType=ltd.newbee.mall.entity.Carousel,language=XML,queryId=updateByPrimaryKey]//Update/#{updateTime\,jdbcType=TIMESTAMP}[language=ANY]","def://src/main/java/ltd/newbee/mall/entity/Carousel.java[language=FILE]//Carousel/updateTime[varType=Date,language=JAVA]"
"use://src/main/resources/mapper/CarouselMapper.xml[language=FILE]//mapper/update[parameterType=ltd.newbee.mall.entity.Carousel,language=XML,queryId=updateByPrimaryKey]//Update/#{carouselUrl\,jdbcType=VARCHAR}[language=ANY]","def://src/main/java/ltd/newbee/mall/entity/Carousel.java[language=FILE]//Carousel/carouselUrl[varType=String,language=JAVA]"
"use://src/main/resources/mapper/GoodsCategoryMapper.xml[language=FILE]//mapper/update[parameterType=ltd.newbee.mall.entity.GoodsCategory,language=XML,queryId=updateByPrimaryKey]//Update/#{categoryLevel\,jdbcType=TINYINT}[language=ANY]","def://src/main/java/ltd/newbee/mall/entity/GoodsCategory.java[language=FILE]//GoodsCategory/categoryLevel[varType=Byte,language=JAVA]"
"use://src/main/resources/mapper/NewBeeMallGoodsMapper.xml[language=FILE]//mapper/insert[parameterType=ltd.newbee.mall.entity.NewBeeMallGoods,language=XML,queryId=insert]//Insert/#{updateTime\,jdbcType=TIMESTAMP}[language=ANY]","def://src/main/java/ltd/newbee/mall/entity/NewBeeMallGoods.java[language=FILE]//NewBeeMallGoods/updateTime[varType=Date,language=JAVA]"
"use://src/main/resources/mapper/MallUserMapper.xml[language=FILE]//mapper/select[resultMap=BaseResultMap,language=XML,queryId=selectByLoginNameAndPasswd]//Select/Where/=/#{loginName}[language=ANY]","def://src/main/java/ltd/newbee/mall/dao/MallUserMapper.java[language=FILE]//MallUserMapper/selectByLoginNameAndPasswd/loginName/@Param\\(""loginName""\\)[language=JAVA]"
"use://src/main/resources/mapper/NewBeeMallShoppingCartItemMapper.xml[language=FILE]//mapper/update[parameterType=ltd.newbee.mall.entity.NewBeeMallShoppingCartItem,language=XML,queryId=updateByPrimaryKey]//Update/Where/=/#{cartItemId\,jdbcType=BIGINT}[language=ANY]","def://src/main/java/ltd/newbee/mall/entity/NewBeeMallShoppingCartItem.java[language=FILE]//NewBeeMallShoppingCartItem/cartItemId[varType=Long,language=JAVA]"
"use://src/main/resources/mapper/NewBeeMallOrderMapper.xml[language=FILE]//mapper/update[parameterType=java.lang.Long,language=XML,queryId=deleteByPrimaryKey]//Update/Where/=/#{orderId\,jdbcType=BIGINT}[language=ANY]","def://src/main/java/ltd/newbee/mall/dao/NewBeeMallOrderMapper.java[language=FILE]//NewBeeMallOrderMapper/deleteByPrimaryKey/orderId[varType=Long,language=JAVA]"
"use://src/main/resources/mapper/CarouselMapper.xml[language=FILE]//mapper/update[parameterType=ltd.newbee.mall.entity.Carousel,language=XML,queryId=updateByPrimaryKey]//Update/#{carouselRank\,jdbcType=INTEGER}[language=ANY]","def://src/main/java/ltd/newbee/mall/entity/Carousel.java[language=FILE]//Carousel/carouselRank[varType=Integer,language=JAVA]"
"use://src/main/resources/mapper/IndexConfigMapper.xml[language=FILE]//mapper/update[parameterType=ltd.newbee.mall.entity.IndexConfig,language=XML,queryId=updateByPrimaryKey]//Update/Where/=/#{configId\,jdbcType=BIGINT}[language=ANY]","def://src/main/java/ltd/newbee/mall/entity/IndexConfig.java[language=FILE]//IndexConfig/configId[varType=Long,language=JAVA]"
"use://src/main/resources/mapper/MallUserMapper.xml[language=FILE]//mapper/insert[parameterType=ltd.newbee.mall.entity.MallUser,language=XML,queryId=insert]//Insert/#{loginName\,jdbcType=VARCHAR}[language=ANY]","def://src/main/java/ltd/newbee/mall/entity/MallUser.java[language=FILE]//MallUser/loginName[varType=String,language=JAVA]"
"use://src/main/resources/mapper/IndexConfigMapper.xml[language=FILE]//mapper/update[parameterType=ltd.newbee.mall.entity.IndexConfig,language=XML,queryId=updateByPrimaryKey]//Update/#{goodsId\,jdbcType=BIGINT}[language=ANY]","def://src/main/java/ltd/newbee/mall/entity/IndexConfig.java[language=FILE]//IndexConfig/goodsId[varType=Long,language=JAVA]"
"use://src/main/resources/mapper/NewBeeMallGoodsMapper.xml[language=FILE]//mapper/insert[parameterType=ltd.newbee.mall.entity.NewBeeMallGoods,language=XML,queryId=insert]//Insert/#{goodsName\,jdbcType=VARCHAR}[language=ANY]","def://src/main/java/ltd/newbee/mall/entity/NewBeeMallGoods.java[language=FILE]//NewBeeMallGoods/goodsName[varType=String,language=JAVA]"
"use://src/main/resources/mapper/NewBeeMallOrderMapper.xml[language=FILE]//mapper/update[parameterType=ltd.newbee.mall.entity.NewBeeMallOrder,language=XML,queryId=updateByPrimaryKey]//Update/#{userId\,jdbcType=BIGINT}[language=ANY]","def://src/main/java/ltd/newbee/mall/entity/NewBeeMallOrder.java[language=FILE]//NewBeeMallOrder/userId[varType=Long,language=JAVA]"
"use://src/main/resources/mapper/NewBeeMallOrderMapper.xml[language=FILE]//mapper/update[parameterType=ltd.newbee.mall.entity.NewBeeMallOrder,language=XML,queryId=updateByPrimaryKey]//Update/#{createTime\,jdbcType=TIMESTAMP}[language=ANY]","def://src/main/java/ltd/newbee/mall/entity/NewBeeMallOrder.java[language=FILE]//NewBeeMallOrder/createTime[varType=Date,language=JAVA]"
"use://src/main/resources/mapper/NewBeeMallOrderMapper.xml[language=FILE]//mapper/update[parameterType=ltd.newbee.mall.entity.NewBeeMallOrder,language=XML,queryId=updateByPrimaryKey]//Update/#{extraInfo\,jdbcType=VARCHAR}[language=ANY]","def://src/main/java/ltd/newbee/mall/entity/NewBeeMallOrder.java[language=FILE]//NewBeeMallOrder/extraInfo[varType=String,language=JAVA]"
"use://src/main/resources/mapper/MallUserMapper.xml[language=FILE]//mapper/update[parameterType=ltd.newbee.mall.entity.MallUser,language=XML,queryId=updateByPrimaryKey]//Update/#{loginName\,jdbcType=VARCHAR}[language=ANY]","def://src/main/java/ltd/newbee/mall/entity/MallUser.java[language=FILE]//MallUser/loginName[varType=String,language=JAVA]"
"use://src/main/resources/mapper/NewBeeMallGoodsMapper.xml[language=FILE]//mapper/update[parameterType=ltd.newbee.mall.entity.NewBeeMallGoods,language=XML,queryId=updateByPrimaryKeyWithBLOBs]//Update/#{sellingPrice\,jdbcType=INTEGER}[language=ANY]","def://src/main/java/ltd/newbee/mall/entity/NewBeeMallGoods.java[language=FILE]//NewBeeMallGoods/sellingPrice[varType=Integer,language=JAVA]"
"use://src/main/resources/mapper/CarouselMapper.xml[language=FILE]//mapper/insert[parameterType=ltd.newbee.mall.entity.Carousel,language=XML,queryId=insert]//Insert/#{carouselUrl\,jdbcType=VARCHAR}[language=ANY]","def://src/main/java/ltd/newbee/mall/entity/Carousel.java[language=FILE]//Carousel/carouselUrl[varType=String,language=JAVA]"
"use://src/main/resources/mapper/NewBeeMallGoodsMapper.xml[language=FILE]//mapper/insert[parameterType=ltd.newbee.mall.entity.NewBeeMallGoods,language=XML,queryId=insert]//Insert/#{goodsIntro\,jdbcType=VARCHAR}[language=ANY]","def://src/main/java/ltd/newbee/mall/entity/NewBeeMallGoods.java[language=FILE]//NewBeeMallGoods/goodsIntro[varType=String,language=JAVA]"
"use://src/main/resources/mapper/IndexConfigMapper.xml[language=FILE]//mapper/update[parameterType=ltd.newbee.mall.entity.IndexConfig,language=XML,queryId=updateByPrimaryKey]//Update/#{createTime\,jdbcType=TIMESTAMP}[language=ANY]","def://src/main/java/ltd/newbee/mall/entity/IndexConfig.java[language=FILE]//IndexConfig/createTime[varType=Date,language=JAVA]"
"use://src/main/resources/mapper/NewBeeMallShoppingCartItemMapper.xml[language=FILE]//mapper/insert[parameterType=ltd.newbee.mall.entity.NewBeeMallShoppingCartItem,language=XML,queryId=insert]//Insert/#{userId\,jdbcType=BIGINT}[language=ANY]","def://src/main/java/ltd/newbee/mall/entity/NewBeeMallShoppingCartItem.java[language=FILE]//NewBeeMallShoppingCartItem/userId[varType=Long,language=JAVA]"
"use://src/main/resources/mapper/MallUserMapper.xml[language=FILE]//mapper/update[parameterType=ltd.newbee.mall.entity.MallUser,language=XML,queryId=updateByPrimaryKey]//Update/#{passwordMd5\,jdbcType=VARCHAR}[language=ANY]","def://src/main/java/ltd/newbee/mall/entity/MallUser.java[language=FILE]//MallUser/passwordMd5[varType=String,language=JAVA]"
"use://src/main/resources/mapper/NewBeeMallShoppingCartItemMapper.xml[language=FILE]//mapper/insert[parameterType=ltd.newbee.mall.entity.NewBeeMallShoppingCartItem,language=XML,queryId=insert]//Insert/#{goodsId\,jdbcType=BIGINT}[language=ANY]","def://src/main/java/ltd/newbee/mall/entity/NewBeeMallShoppingCartItem.java[language=FILE]//NewBeeMallShoppingCartItem/goodsId[varType=Long,language=JAVA]"
"use://src/main/resources/mapper/NewBeeMallGoodsMapper.xml[language=FILE]//mapper/update[parameterType=ltd.newbee.mall.entity.NewBeeMallGoods,language=XML,queryId=updateByPrimaryKeyWithBLOBs]//Update/Where/=/#{goodsId\,jdbcType=BIGINT}[language=ANY]","def://src/main/java/ltd/newbee/mall/entity/NewBeeMallGoods.java[language=FILE]//NewBeeMallGoods/goodsId[varType=Long,language=JAVA]"
"use://src/main/resources/mapper/NewBeeMallOrderMapper.xml[language=FILE]//mapper/update[parameterType=ltd.newbee.mall.entity.NewBeeMallOrder,language=XML,queryId=updateByPrimaryKey]//Update/#{payStatus\,jdbcType=TINYINT}[language=ANY]","def://src/main/java/ltd/newbee/mall/entity/NewBeeMallOrder.java[language=FILE]//NewBeeMallOrder/payStatus[varType=Byte,language=JAVA]"
"use://src/main/resources/mapper/GoodsCategoryMapper.xml[language=FILE]//mapper/insert[parameterType=ltd.newbee.mall.entity.GoodsCategory,language=XML,queryId=insert]//Insert/#{categoryName\,jdbcType=VARCHAR}[language=ANY]","def://src/main/java/ltd/newbee/mall/entity/GoodsCategory.java[language=FILE]//GoodsCategory/categoryName[varType=String,language=JAVA]"
"use://src/main/resources/mapper/NewBeeMallShoppingCartItemMapper.xml[language=FILE]//mapper/select[resultMap=BaseResultMap,language=XML,queryId=selectByUserIdAndGoodsId]//Select/Where/=/#{newBeeMallUserId\,jdbcType=BIGINT}[language=ANY]","def://src/main/java/ltd/newbee/mall/dao/NewBeeMallShoppingCartItemMapper.java[language=FILE]//NewBeeMallShoppingCartItemMapper/selectByUserIdAndGoodsId/newBeeMallUserId/@Param\\(""newBeeMallUserId""\\)[language=JAVA]"
"use://src/main/resources/mapper/NewBeeMallGoodsMapper.xml[language=FILE]//mapper/insert[parameterType=ltd.newbee.mall.entity.NewBeeMallGoods,language=XML,queryId=insert]//Insert/#{updateUser\,jdbcType=INTEGER}[language=ANY]","def://src/main/java/ltd/newbee/mall/entity/NewBeeMallGoods.java[language=FILE]//NewBeeMallGoods/updateUser[varType=Integer,language=JAVA]"
"use://src/main/resources/mapper/NewBeeMallOrderItemMapper.xml[language=FILE]//mapper/delete[parameterType=java.lang.Long,language=XML,queryId=deleteByPrimaryKey]//Delete/Where/=/#{orderItemId\,jdbcType=BIGINT}[language=ANY]","def://src/main/java/ltd/newbee/mall/dao/NewBeeMallOrderItemMapper.java[language=FILE]//NewBeeMallOrderItemMapper/deleteByPrimaryKey/orderItemId[varType=Long,language=JAVA]"
"use://src/main/resources/mapper/CarouselMapper.xml[language=FILE]//mapper/insert[parameterType=ltd.newbee.mall.entity.Carousel,language=XML,queryId=insert]//Insert/#{createTime\,jdbcType=TIMESTAMP}[language=ANY]","def://src/main/java/ltd/newbee/mall/entity/Carousel.java[language=FILE]//Carousel/createTime[varType=Date,language=JAVA]"
"use://src/main/resources/mapper/NewBeeMallGoodsMapper.xml[language=FILE]//mapper/update[parameterType=ltd.newbee.mall.entity.NewBeeMallGoods,language=XML,queryId=updateByPrimaryKeyWithBLOBs]//Update/#{createUser\,jdbcType=INTEGER}[language=ANY]","def://src/main/java/ltd/newbee/mall/entity/NewBeeMallGoods.java[language=FILE]//NewBeeMallGoods/createUser[varType=Integer,language=JAVA]"
"use://src/main/resources/mapper/NewBeeMallOrderMapper.xml[language=FILE]//mapper/update[parameterType=ltd.newbee.mall.entity.NewBeeMallOrder,language=XML,queryId=updateByPrimaryKey]//Update/#{isDeleted\,jdbcType=TINYINT}[language=ANY]","def://src/main/java/ltd/newbee/mall/entity/NewBeeMallOrder.java[language=FILE]//NewBeeMallOrder/isDeleted[varType=Byte,language=JAVA]"
"use://src/main/resources/mapper/IndexConfigMapper.xml[language=FILE]//mapper/insert[parameterType=ltd.newbee.mall.entity.IndexConfig,language=XML,queryId=insert]//Insert/#{createTime\,jdbcType=TIMESTAMP}[language=ANY]","def://src/main/java/ltd/newbee/mall/entity/IndexConfig.java[language=FILE]//IndexConfig/createTime[varType=Date,language=JAVA]"
"use://src/main/resources/mapper/GoodsCategoryMapper.xml[language=FILE]//mapper/select[parameterType=java.lang.Long,resultMap=BaseResultMap,language=XML,queryId=selectByPrimaryKey]//Select/Where/=/#{categoryId\,jdbcType=BIGINT}[language=ANY]","def://src/main/java/ltd/newbee/mall/dao/GoodsCategoryMapper.java[language=FILE]//GoodsCategoryMapper/selectByPrimaryKey/categoryId[varType=Long,language=JAVA]"
"use://src/main/resources/mapper/NewBeeMallOrderItemMapper.xml[language=FILE]//mapper/insert[parameterType=ltd.newbee.mall.entity.NewBeeMallOrderItem,language=XML,queryId=insert]//Insert/#{orderItemId\,jdbcType=BIGINT}[language=ANY]","def://src/main/java/ltd/newbee/mall/entity/NewBeeMallOrderItem.java[language=FILE]//NewBeeMallOrderItem/orderItemId[varType=Long,language=JAVA]"
"use://src/main/resources/mapper/NewBeeMallOrderMapper.xml[language=FILE]//mapper/insert[parameterType=ltd.newbee.mall.entity.NewBeeMallOrder,language=XML,queryId=insert]//Insert/#{orderNo\,jdbcType=VARCHAR}[language=ANY]","def://src/main/java/ltd/newbee/mall/entity/NewBeeMallOrder.java[language=FILE]//NewBeeMallOrder/orderNo[varType=String,language=JAVA]"
"use://src/main/resources/mapper/GoodsCategoryMapper.xml[language=FILE]//mapper/insert[parameterType=ltd.newbee.mall.entity.GoodsCategory,language=XML,queryId=insert]//Insert/#{parentId\,jdbcType=BIGINT}[language=ANY]","def://src/main/java/ltd/newbee/mall/entity/GoodsCategory.java[language=FILE]//GoodsCategory/parentId[varType=Long,language=JAVA]"
"use://src/main/resources/mapper/GoodsCategoryMapper.xml[language=FILE]//mapper/update[parameterType=ltd.newbee.mall.entity.GoodsCategory,language=XML,queryId=updateByPrimaryKey]//Update/#{updateTime\,jdbcType=TIMESTAMP}[language=ANY]","def://src/main/java/ltd/newbee/mall/entity/GoodsCategory.java[language=FILE]//GoodsCategory/updateTime[varType=Date,language=JAVA]"
"use://src/main/resources/mapper/NewBeeMallGoodsMapper.xml[language=FILE]//mapper/update[parameterType=ltd.newbee.mall.entity.NewBeeMallGoods,language=XML,queryId=updateByPrimaryKeyWithBLOBs]//Update/#{updateTime\,jdbcType=TIMESTAMP}[language=ANY]","def://src/main/java/ltd/newbee/mall/entity/NewBeeMallGoods.java[language=FILE]//NewBeeMallGoods/updateTime[varType=Date,language=JAVA]"
"use://src/main/resources/mapper/GoodsCategoryMapper.xml[language=FILE]//mapper/select[resultMap=BaseResultMap,language=XML,queryId=selectByLevelAndName]//Select/Where/=/#{categoryLevel\,jdbcType=TINYINT}[language=ANY]","def://src/main/java/ltd/newbee/mall/dao/GoodsCategoryMapper.java[language=FILE]//GoodsCategoryMapper/selectByLevelAndName/categoryLevel/@Param\\(""categoryLevel""\\)[language=JAVA]"
"use://src/main/resources/mapper/NewBeeMallGoodsMapper.xml[language=FILE]//mapper/insert[parameterType=ltd.newbee.mall.entity.NewBeeMallGoods,language=XML,queryId=insert]//Insert/#{sellingPrice\,jdbcType=INTEGER}[language=ANY]","def://src/main/java/ltd/newbee/mall/entity/NewBeeMallGoods.java[language=FILE]//NewBeeMallGoods/sellingPrice[varType=Integer,language=JAVA]"
"use://src/main/resources/mapper/NewBeeMallGoodsMapper.xml[language=FILE]//mapper/update[parameterType=ltd.newbee.mall.entity.NewBeeMallGoods,language=XML,queryId=updateByPrimaryKeyWithBLOBs]//Update/#{goodsCarousel\,jdbcType=VARCHAR}[language=ANY]","def://src/main/java/ltd/newbee/mall/entity/NewBeeMallGoods.java[language=FILE]//NewBeeMallGoods/goodsCarousel[varType=String,language=JAVA]"
"use://src/main/resources/mapper/NewBeeMallGoodsMapper.xml[language=FILE]//mapper/insert[parameterType=ltd.newbee.mall.entity.NewBeeMallGoods,language=XML,queryId=insert]//Insert/#{goodsId\,jdbcType=BIGINT}[language=ANY]","def://src/main/java/ltd/newbee/mall/entity/NewBeeMallGoods.java[language=FILE]//NewBeeMallGoods/goodsId[varType=Long,language=JAVA]"
"use://src/main/resources/mapper/GoodsCategoryMapper.xml[language=FILE]//mapper/insert[parameterType=ltd.newbee.mall.entity.GoodsCategory,language=XML,queryId=insert]//Insert/#{categoryRank\,jdbcType=INTEGER}[language=ANY]","def://src/main/java/ltd/newbee/mall/entity/GoodsCategory.java[language=FILE]//GoodsCategory/categoryRank[varType=Integer,language=JAVA]"
"use://src/main/resources/mapper/IndexConfigMapper.xml[language=FILE]//mapper/insert[parameterType=ltd.newbee.mall.entity.IndexConfig,language=XML,queryId=insert]//Insert/#{configType\,jdbcType=TINYINT}[language=ANY]","def://src/main/java/ltd/newbee/mall/entity/IndexConfig.java[language=FILE]//IndexConfig/configType[varType=Byte,language=JAVA]"
"use://src/main/resources/mapper/MallUserMapper.xml[language=FILE]//mapper/update[parameterType=ltd.newbee.mall.entity.MallUser,language=XML,queryId=updateByPrimaryKey]//Update/#{isDeleted\,jdbcType=TINYINT}[language=ANY]","def://src/main/java/ltd/newbee/mall/entity/MallUser.java[language=FILE]//MallUser/isDeleted[varType=Byte,language=JAVA]"
"use://src/main/resources/mapper/NewBeeMallShoppingCartItemMapper.xml[language=FILE]//mapper/select[parameterType=java.lang.Long,resultMap=BaseResultMap,language=XML,queryId=selectByPrimaryKey]//Select/Where/=/#{cartItemId\,jdbcType=BIGINT}[language=ANY]","def://src/main/java/ltd/newbee/mall/dao/NewBeeMallShoppingCartItemMapper.java[language=FILE]//NewBeeMallShoppingCartItemMapper/selectByPrimaryKey/cartItemId[varType=Long,language=JAVA]"
"use://src/main/resources/mapper/NewBeeMallOrderItemMapper.xml[language=FILE]//mapper/insert[parameterType=ltd.newbee.mall.entity.NewBeeMallOrderItem,language=XML,queryId=insert]//Insert/#{goodsCount\,jdbcType=INTEGER}[language=ANY]","def://src/main/java/ltd/newbee/mall/entity/NewBeeMallOrderItem.java[language=FILE]//NewBeeMallOrderItem/goodsCount[varType=Integer,language=JAVA]"
"use://src/main/resources/mapper/MallUserMapper.xml[language=FILE]//mapper/select[parameterType=java.lang.String,resultMap=BaseResultMap,language=XML,queryId=selectByLoginName]//Select/Where/=/#{loginName}[language=ANY]","def://src/main/java/ltd/newbee/mall/dao/MallUserMapper.java[language=FILE]//MallUserMapper/selectByLoginName/loginName[varType=String,language=JAVA]"
"use://src/main/resources/mapper/AdminUserMapper.xml[language=FILE]//mapper/update[parameterType=ltd.newbee.mall.entity.AdminUser,language=XML,queryId=updateByPrimaryKey]//Update/#{loginPassword\,jdbcType=VARCHAR}[language=ANY]","def://src/main/java/ltd/newbee/mall/entity/AdminUser.java[language=FILE]//AdminUser/loginPassword[varType=String,language=JAVA]"
"use://src/main/resources/mapper/AdminUserMapper.xml[language=FILE]//mapper/insert[parameterType=ltd.newbee.mall.entity.AdminUser,language=XML,queryId=insert]//Insert/#{loginUserName\,jdbcType=VARCHAR}[language=ANY]","def://src/main/java/ltd/newbee/mall/entity/AdminUser.java[language=FILE]//AdminUser/loginUserName[varType=String,language=JAVA]"
"use://src/main/resources/mapper/IndexConfigMapper.xml[language=FILE]//mapper/insert[parameterType=ltd.newbee.mall.entity.IndexConfig,language=XML,queryId=insert]//Insert/#{isDeleted\,jdbcType=TINYINT}[language=ANY]","def://src/main/java/ltd/newbee/mall/entity/IndexConfig.java[language=FILE]//IndexConfig/isDeleted[varType=Byte,language=JAVA]"
"use://src/main/resources/mapper/IndexConfigMapper.xml[language=FILE]//mapper/update[parameterType=ltd.newbee.mall.entity.IndexConfig,language=XML,queryId=updateByPrimaryKey]//Update/#{createUser\,jdbcType=INTEGER}[language=ANY]","def://src/main/java/ltd/newbee/mall/entity/IndexConfig.java[language=FILE]//IndexConfig/createUser[varType=Integer,language=JAVA]"
"use://src/main/resources/mapper/NewBeeMallShoppingCartItemMapper.xml[language=FILE]//mapper/insert[parameterType=ltd.newbee.mall.entity.NewBeeMallShoppingCartItem,language=XML,queryId=insert]//Insert/#{updateTime\,jdbcType=TIMESTAMP}[language=ANY]","def://src/main/java/ltd/newbee/mall/entity/NewBeeMallShoppingCartItem.java[language=FILE]//NewBeeMallShoppingCartItem/updateTime[varType=Date,language=JAVA]"
"use://src/main/resources/mapper/NewBeeMallGoodsMapper.xml[language=FILE]//mapper/insert[parameterType=ltd.newbee.mall.entity.NewBeeMallGoods,language=XML,queryId=insert]//Insert/#{goodsCarousel\,jdbcType=VARCHAR}[language=ANY]","def://src/main/java/ltd/newbee/mall/entity/NewBeeMallGoods.java[language=FILE]//NewBeeMallGoods/goodsCarousel[varType=String,language=JAVA]"
"use://src/main/resources/mapper/NewBeeMallOrderItemMapper.xml[language=FILE]//mapper/update[parameterType=ltd.newbee.mall.entity.NewBeeMallOrderItem,language=XML,queryId=updateByPrimaryKey]//Update/Where/=/#{orderItemId\,jdbcType=BIGINT}[language=ANY]","def://src/main/java/ltd/newbee/mall/entity/NewBeeMallOrderItem.java[language=FILE]//NewBeeMallOrderItem/orderItemId[varType=Long,language=JAVA]"
"use://src/main/resources/mapper/IndexConfigMapper.xml[language=FILE]//mapper/insert[parameterType=ltd.newbee.mall.entity.IndexConfig,language=XML,queryId=insert]//Insert/#{updateTime\,jdbcType=TIMESTAMP}[language=ANY]","def://src/main/java/ltd/newbee/mall/entity/IndexConfig.java[language=FILE]//IndexConfig/updateTime[varType=Date,language=JAVA]"
"use://src/main/resources/mapper/NewBeeMallOrderMapper.xml[language=FILE]//mapper/insert[parameterType=ltd.newbee.mall.entity.NewBeeMallOrder,language=XML,queryId=insert]//Insert/#{createTime\,jdbcType=TIMESTAMP}[language=ANY]","def://src/main/java/ltd/newbee/mall/entity/NewBeeMallOrder.java[language=FILE]//NewBeeMallOrder/createTime[varType=Date,language=JAVA]"
"use://src/main/resources/mapper/NewBeeMallOrderItemMapper.xml[language=FILE]//mapper/update[parameterType=ltd.newbee.mall.entity.NewBeeMallOrderItem,language=XML,queryId=updateByPrimaryKey]//Update/#{goodsCoverImg\,jdbcType=VARCHAR}[language=ANY]","def://src/main/java/ltd/newbee/mall/entity/NewBeeMallOrderItem.java[language=FILE]//NewBeeMallOrderItem/goodsCoverImg[varType=String,language=JAVA]"
"use://src/main/resources/mapper/NewBeeMallOrderMapper.xml[language=FILE]//mapper/update[parameterType=ltd.newbee.mall.entity.NewBeeMallOrder,language=XML,queryId=updateByPrimaryKey]//Update/#{orderStatus\,jdbcType=TINYINT}[language=ANY]","def://src/main/java/ltd/newbee/mall/entity/NewBeeMallOrder.java[language=FILE]//NewBeeMallOrder/orderStatus[varType=Byte,language=JAVA]"
"use://src/main/resources/mapper/AdminUserMapper.xml[language=FILE]//mapper/select[parameterType=java.lang.Integer,resultMap=BaseResultMap,language=XML,queryId=selectByPrimaryKey]//Select/Where/=/#{adminUserId\,jdbcType=INTEGER}[language=ANY]","def://src/main/java/ltd/newbee/mall/dao/AdminUserMapper.java[language=FILE]//AdminUserMapper/selectByPrimaryKey/adminUserId[varType=Integer,language=JAVA]"
"use://src/main/resources/mapper/GoodsCategoryMapper.xml[language=FILE]//mapper/update[parameterType=ltd.newbee.mall.entity.GoodsCategory,language=XML,queryId=updateByPrimaryKey]//Update/#{updateUser\,jdbcType=INTEGER}[language=ANY]","def://src/main/java/ltd/newbee/mall/entity/GoodsCategory.java[language=FILE]//GoodsCategory/updateUser[varType=Integer,language=JAVA]"
"use://src/main/resources/mapper/GoodsCategoryMapper.xml[language=FILE]//mapper/update[parameterType=ltd.newbee.mall.entity.GoodsCategory,language=XML,queryId=updateByPrimaryKey]//Update/#{categoryRank\,jdbcType=INTEGER}[language=ANY]","def://src/main/java/ltd/newbee/mall/entity/GoodsCategory.java[language=FILE]//GoodsCategory/categoryRank[varType=Integer,language=JAVA]"
"use://src/main/resources/mapper/NewBeeMallOrderItemMapper.xml[language=FILE]//mapper/insert[parameterType=ltd.newbee.mall.entity.NewBeeMallOrderItem,language=XML,queryId=insert]//Insert/#{createTime\,jdbcType=TIMESTAMP}[language=ANY]","def://src/main/java/ltd/newbee/mall/entity/NewBeeMallOrderItem.java[language=FILE]//NewBeeMallOrderItem/createTime[varType=Date,language=JAVA]"
"use://src/main/resources/mapper/MallUserMapper.xml[language=FILE]//mapper/select[resultMap=BaseResultMap,language=XML,queryId=selectByLoginNameAndPasswd]//Select/Where/=/#{password}[language=ANY]","def://src/main/java/ltd/newbee/mall/dao/MallUserMapper.java[language=FILE]//MallUserMapper/selectByLoginNameAndPasswd/password/@Param\\(""password""\\)[language=JAVA]"
"use://src/main/resources/mapper/GoodsCategoryMapper.xml[language=FILE]//mapper/insert[parameterType=ltd.newbee.mall.entity.GoodsCategory,language=XML,queryId=insert]//Insert/#{updateUser\,jdbcType=INTEGER}[language=ANY]","def://src/main/java/ltd/newbee/mall/entity/GoodsCategory.java[language=FILE]//GoodsCategory/updateUser[varType=Integer,language=JAVA]"
"use://src/main/resources/mapper/IndexConfigMapper.xml[language=FILE]//mapper/update[parameterType=ltd.newbee.mall.entity.IndexConfig,language=XML,queryId=updateByPrimaryKey]//Update/#{updateUser\,jdbcType=INTEGER}[language=ANY]","def://src/main/java/ltd/newbee/mall/entity/IndexConfig.java[language=FILE]//IndexConfig/updateUser[varType=Integer,language=JAVA]"
"use://src/main/resources/mapper/GoodsCategoryMapper.xml[language=FILE]//mapper/insert[parameterType=ltd.newbee.mall.entity.GoodsCategory,language=XML,queryId=insert]//Insert/#{categoryLevel\,jdbcType=TINYINT}[language=ANY]","def://src/main/java/ltd/newbee/mall/entity/GoodsCategory.java[language=FILE]//GoodsCategory/categoryLevel[varType=Byte,language=JAVA]"
"use://src/main/resources/mapper/MallUserMapper.xml[language=FILE]//mapper/insert[parameterType=ltd.newbee.mall.entity.MallUser,language=XML,queryId=insert]//Insert/#{passwordMd5\,jdbcType=VARCHAR}[language=ANY]","def://src/main/java/ltd/newbee/mall/entity/MallUser.java[language=FILE]//MallUser/passwordMd5[varType=String,language=JAVA]"
"use://src/main/resources/mapper/AdminUserMapper.xml[language=FILE]//mapper/select[resultMap=BaseResultMap,language=XML,queryId=login]//Select/Where/=/#{password\,jdbcType=VARCHAR}[language=ANY]","def://src/main/java/ltd/newbee/mall/dao/AdminUserMapper.java[language=FILE]//AdminUserMapper/login/password/@Param\\(""password""\\)[language=JAVA]"
"use://src/main/resources/mapper/NewBeeMallOrderMapper.xml[language=FILE]//mapper/insert[parameterType=ltd.newbee.mall.entity.NewBeeMallOrder,language=XML,queryId=insert]//Insert/#{extraInfo\,jdbcType=VARCHAR}[language=ANY]","def://src/main/java/ltd/newbee/mall/entity/NewBeeMallOrder.java[language=FILE]//NewBeeMallOrder/extraInfo[varType=String,language=JAVA]"
"use://src/main/resources/mapper/NewBeeMallGoodsMapper.xml[language=FILE]//mapper/insert[parameterType=ltd.newbee.mall.entity.NewBeeMallGoods,language=XML,queryId=insert]//Insert/#{createTime\,jdbcType=TIMESTAMP}[language=ANY]","def://src/main/java/ltd/newbee/mall/entity/NewBeeMallGoods.java[language=FILE]//NewBeeMallGoods/createTime[varType=Date,language=JAVA]"
"use://src/main/resources/mapper/NewBeeMallOrderMapper.xml[language=FILE]//mapper/insert[parameterType=ltd.newbee.mall.entity.NewBeeMallOrder,language=XML,queryId=insert]//Insert/#{isDeleted\,jdbcType=TINYINT}[language=ANY]","def://src/main/java/ltd/newbee/mall/entity/NewBeeMallOrder.java[language=FILE]//NewBeeMallOrder/isDeleted[varType=Byte,language=JAVA]"
"use://src/main/resources/mapper/NewBeeMallGoodsMapper.xml[language=FILE]//mapper/delete[parameterType=java.lang.Long,language=XML,queryId=deleteByPrimaryKey]//Delete/Where/=/#{goodsId\,jdbcType=BIGINT}[language=ANY]","def://src/main/java/ltd/newbee/mall/dao/NewBeeMallGoodsMapper.java[language=FILE]//NewBeeMallGoodsMapper/deleteByPrimaryKey/goodsId[varType=Long,language=JAVA]"
"use://src/main/resources/mapper/NewBeeMallOrderMapper.xml[language=FILE]//mapper/insert[parameterType=ltd.newbee.mall.entity.NewBeeMallOrder,language=XML,queryId=insert]//Insert/#{updateTime\,jdbcType=TIMESTAMP}[language=ANY]","def://src/main/java/ltd/newbee/mall/entity/NewBeeMallOrder.java[language=FILE]//NewBeeMallOrder/updateTime[varType=Date,language=JAVA]"
"use://src/main/resources/mapper/NewBeeMallGoodsMapper.xml[language=FILE]//mapper/insert[parameterType=ltd.newbee.mall.entity.NewBeeMallGoods,language=XML,queryId=insert]//Insert/#{stockNum\,jdbcType=INTEGER}[language=ANY]","def://src/main/java/ltd/newbee/mall/entity/NewBeeMallGoods.java[language=FILE]//NewBeeMallGoods/stockNum[varType=Integer,language=JAVA]"
"use://src/main/resources/mapper/IndexConfigMapper.xml[language=FILE]//mapper/update[parameterType=ltd.newbee.mall.entity.IndexConfig,language=XML,queryId=updateByPrimaryKey]//Update/#{updateTime\,jdbcType=TIMESTAMP}[language=ANY]","def://src/main/java/ltd/newbee/mall/entity/IndexConfig.java[language=FILE]//IndexConfig/updateTime[varType=Date,language=JAVA]"
"use://src/main/resources/mapper/NewBeeMallOrderItemMapper.xml[language=FILE]//mapper/insert[parameterType=ltd.newbee.mall.entity.NewBeeMallOrderItem,language=XML,queryId=insert]//Insert/#{sellingPrice\,jdbcType=INTEGER}[language=ANY]","def://src/main/java/ltd/newbee/mall/entity/NewBeeMallOrderItem.java[language=FILE]//NewBeeMallOrderItem/sellingPrice[varType=Integer,language=JAVA]"
"use://src/main/resources/mapper/IndexConfigMapper.xml[language=FILE]//mapper/update[parameterType=ltd.newbee.mall.entity.IndexConfig,language=XML,queryId=updateByPrimaryKey]//Update/#{configName\,jdbcType=VARCHAR}[language=ANY]","def://src/main/java/ltd/newbee/mall/entity/IndexConfig.java[language=FILE]//IndexConfig/configName[varType=String,language=JAVA]"
"use://src/main/resources/mapper/MallUserMapper.xml[language=FILE]//mapper/insert[parameterType=ltd.newbee.mall.entity.MallUser,language=XML,queryId=insert]//Insert/#{isDeleted\,jdbcType=TINYINT}[language=ANY]","def://src/main/java/ltd/newbee/mall/entity/MallUser.java[language=FILE]//MallUser/isDeleted[varType=Byte,language=JAVA]"
"use://src/main/resources/mapper/NewBeeMallOrderMapper.xml[language=FILE]//mapper/insert[parameterType=ltd.newbee.mall.entity.NewBeeMallOrder,language=XML,queryId=insert]//Insert/#{payStatus\,jdbcType=TINYINT}[language=ANY]","def://src/main/java/ltd/newbee/mall/entity/NewBeeMallOrder.java[language=FILE]//NewBeeMallOrder/payStatus[varType=Byte,language=JAVA]"
"use://src/main/resources/mapper/MallUserMapper.xml[language=FILE]//mapper/update[parameterType=ltd.newbee.mall.entity.MallUser,language=XML,queryId=updateByPrimaryKey]//Update/Where/=/#{userId\,jdbcType=BIGINT}[language=ANY]","def://src/main/java/ltd/newbee/mall/entity/MallUser.java[language=FILE]//MallUser/userId[varType=Long,language=JAVA]"
"use://src/main/resources/mapper/NewBeeMallShoppingCartItemMapper.xml[language=FILE]//mapper/update[parameterType=ltd.newbee.mall.entity.NewBeeMallShoppingCartItem,language=XML,queryId=updateByPrimaryKey]//Update/#{updateTime\,jdbcType=TIMESTAMP}[language=ANY]","def://src/main/java/ltd/newbee/mall/entity/NewBeeMallShoppingCartItem.java[language=FILE]//NewBeeMallShoppingCartItem/updateTime[varType=Date,language=JAVA]"
"use://src/main/resources/mapper/NewBeeMallOrderItemMapper.xml[language=FILE]//mapper/insert[parameterType=ltd.newbee.mall.entity.NewBeeMallOrderItem,language=XML,queryId=insert]//Insert/#{orderId\,jdbcType=BIGINT}[language=ANY]","def://src/main/java/ltd/newbee/mall/entity/NewBeeMallOrderItem.java[language=FILE]//NewBeeMallOrderItem/orderId[varType=Long,language=JAVA]"
"use://src/main/resources/mapper/IndexConfigMapper.xml[language=FILE]//mapper/select[resultMap=BaseResultMap,language=XML,queryId=selectByTypeAndGoodsId]//Select/Where/=/#{goodsId\,jdbcType=BIGINT}[language=ANY]","def://src/main/java/ltd/newbee/mall/dao/IndexConfigMapper.java[language=FILE]//IndexConfigMapper/selectByTypeAndGoodsId/goodsId/@Param\\(""goodsId""\\)[language=JAVA]"
"use://src/main/resources/mapper/IndexConfigMapper.xml[language=FILE]//mapper/update[parameterType=java.lang.Long,language=XML,queryId=deleteByPrimaryKey]//Update/Where/=/#{configId\,jdbcType=BIGINT}[language=ANY]","def://src/main/java/ltd/newbee/mall/dao/IndexConfigMapper.java[language=FILE]//IndexConfigMapper/deleteByPrimaryKey/configId[varType=Long,language=JAVA]"
"use://src/main/resources/mapper/NewBeeMallGoodsMapper.xml[language=FILE]//mapper/update[parameterType=ltd.newbee.mall.entity.NewBeeMallGoods,language=XML,queryId=updateByPrimaryKeyWithBLOBs]//Update/#{updateUser\,jdbcType=INTEGER}[language=ANY]","def://src/main/java/ltd/newbee/mall/entity/NewBeeMallGoods.java[language=FILE]//NewBeeMallGoods/updateUser[varType=Integer,language=JAVA]"
"use://src/main/resources/mapper/NewBeeMallOrderMapper.xml[language=FILE]//mapper/insert[parameterType=ltd.newbee.mall.entity.NewBeeMallOrder,language=XML,queryId=insert]//Insert/#{userId\,jdbcType=BIGINT}[language=ANY]","def://src/main/java/ltd/newbee/mall/entity/NewBeeMallOrder.java[language=FILE]//NewBeeMallOrder/userId[varType=Long,language=JAVA]"
"use://src/main/resources/mapper/NewBeeMallOrderMapper.xml[language=FILE]//mapper/update[parameterType=ltd.newbee.mall.entity.NewBeeMallOrder,language=XML,queryId=updateByPrimaryKey]//Update/#{userAddress\,jdbcType=VARCHAR}[language=ANY]","def://src/main/java/ltd/newbee/mall/entity/NewBeeMallOrder.java[language=FILE]//NewBeeMallOrder/userAddress[varType=String,language=JAVA]"
"use://src/main/resources/mapper/NewBeeMallOrderMapper.xml[language=FILE]//mapper/insert[parameterType=ltd.newbee.mall.entity.NewBeeMallOrder,language=XML,queryId=insert]//Insert/#{payType\,jdbcType=TINYINT}[language=ANY]","def://src/main/java/ltd/newbee/mall/entity/NewBeeMallOrder.java[language=FILE]//NewBeeMallOrder/payType[varType=Byte,language=JAVA]"
"use://src/main/resources/mapper/NewBeeMallGoodsMapper.xml[language=FILE]//mapper/update[parameterType=ltd.newbee.mall.entity.NewBeeMallGoods,language=XML,queryId=updateByPrimaryKeyWithBLOBs]//Update/#{goodsDetailContent\,jdbcType=LONGVARCHAR}[language=ANY]","def://src/main/java/ltd/newbee/mall/entity/NewBeeMallGoods.java[language=FILE]//NewBeeMallGoods/goodsDetailContent[varType=String,language=JAVA]"
"use://src/main/resources/mapper/CarouselMapper.xml[language=FILE]//mapper/update[parameterType=ltd.newbee.mall.entity.Carousel,language=XML,queryId=updateByPrimaryKey]//Update/#{updateUser\,jdbcType=INTEGER}[language=ANY]","def://src/main/java/ltd/newbee/mall/entity/Carousel.java[language=FILE]//Carousel/updateUser[varType=Integer,language=JAVA]"
"use://src/main/resources/mapper/NewBeeMallOrderMapper.xml[language=FILE]//mapper/select[parameterType=java.lang.String,resultMap=BaseResultMap,language=XML,queryId=selectByOrderNo]//Select/Where/=/#{orderNo\,jdbcType=VARCHAR}[language=ANY]","def://src/main/java/ltd/newbee/mall/dao/NewBeeMallOrderMapper.java[language=FILE]//NewBeeMallOrderMapper/selectByOrderNo/orderNo[varType=String,language=JAVA]"
"use://src/main/resources/mapper/NewBeeMallOrderMapper.xml[language=FILE]//mapper/select[parameterType=java.lang.Long,resultMap=BaseResultMap,language=XML,queryId=selectByPrimaryKey]//Select/Where/=/#{orderId\,jdbcType=BIGINT}[language=ANY]","def://src/main/java/ltd/newbee/mall/dao/NewBeeMallOrderMapper.java[language=FILE]//NewBeeMallOrderMapper/selectByPrimaryKey/orderId[varType=Long,language=JAVA]"
"use://src/main/resources/mapper/NewBeeMallShoppingCartItemMapper.xml[language=FILE]//mapper/insert[parameterType=ltd.newbee.mall.entity.NewBeeMallShoppingCartItem,language=XML,queryId=insert]//Insert/#{isDeleted\,jdbcType=TINYINT}[language=ANY]","def://src/main/java/ltd/newbee/mall/entity/NewBeeMallShoppingCartItem.java[language=FILE]//NewBeeMallShoppingCartItem/isDeleted[varType=Byte,language=JAVA]"
"use://src/main/resources/mapper/NewBeeMallGoodsMapper.xml[language=FILE]//mapper/update[parameterType=ltd.newbee.mall.entity.NewBeeMallGoods,language=XML,queryId=updateByPrimaryKeyWithBLOBs]//Update/#{tag\,jdbcType=VARCHAR}[language=ANY]","def://src/main/java/ltd/newbee/mall/entity/NewBeeMallGoods.java[language=FILE]//NewBeeMallGoods/tag[varType=String,language=JAVA]"
"use://src/main/resources/mapper/AdminUserMapper.xml[language=FILE]//mapper/update[parameterType=ltd.newbee.mall.entity.AdminUser,language=XML,queryId=updateByPrimaryKey]//Update/#{locked\,jdbcType=TINYINT}[language=ANY]","def://src/main/java/ltd/newbee/mall/entity/AdminUser.java[language=FILE]//AdminUser/locked[varType=Byte,language=JAVA]"
"use://src/main/resources/mapper/NewBeeMallOrderItemMapper.xml[language=FILE]//mapper/update[parameterType=ltd.newbee.mall.entity.NewBeeMallOrderItem,language=XML,queryId=updateByPrimaryKey]//Update/#{orderId\,jdbcType=BIGINT}[language=ANY]","def://src/main/java/ltd/newbee/mall/entity/NewBeeMallOrderItem.java[language=FILE]//NewBeeMallOrderItem/orderId[varType=Long,language=JAVA]"
"use://src/main/resources/mapper/GoodsCategoryMapper.xml[language=FILE]//mapper/insert[parameterType=ltd.newbee.mall.entity.GoodsCategory,language=XML,queryId=insert]//Insert/#{updateTime\,jdbcType=TIMESTAMP}[language=ANY]","def://src/main/java/ltd/newbee/mall/entity/GoodsCategory.java[language=FILE]//GoodsCategory/updateTime[varType=Date,language=JAVA]"
"use://src/main/resources/mapper/CarouselMapper.xml[language=FILE]//mapper/insert[parameterType=ltd.newbee.mall.entity.Carousel,language=XML,queryId=insert]//Insert/#{updateTime\,jdbcType=TIMESTAMP}[language=ANY]","def://src/main/java/ltd/newbee/mall/entity/Carousel.java[language=FILE]//Carousel/updateTime[varType=Date,language=JAVA]"
"use://src/main/resources/mapper/GoodsCategoryMapper.xml[language=FILE]//mapper/update[parameterType=ltd.newbee.mall.entity.GoodsCategory,language=XML,queryId=updateByPrimaryKey]//Update/#{parentId\,jdbcType=BIGINT}[language=ANY]","def://src/main/java/ltd/newbee/mall/entity/GoodsCategory.java[language=FILE]//GoodsCategory/parentId[varType=Long,language=JAVA]"
"use://src/main/resources/mapper/NewBeeMallGoodsMapper.xml[language=FILE]//mapper/select[parameterType=java.lang.Long,resultMap=ResultMapWithBLOBs,language=XML,queryId=selectByPrimaryKey]//Select/Where/=/#{goodsId\,jdbcType=BIGINT}[language=ANY]","def://src/main/java/ltd/newbee/mall/dao/NewBeeMallGoodsMapper.java[language=FILE]//NewBeeMallGoodsMapper/selectByPrimaryKey/goodsId[varType=Long,language=JAVA]"
"use://src/main/resources/mapper/IndexConfigMapper.xml[language=FILE]//mapper/update[parameterType=ltd.newbee.mall.entity.IndexConfig,language=XML,queryId=updateByPrimaryKey]//Update/#{isDeleted\,jdbcType=TINYINT}[language=ANY]","def://src/main/java/ltd/newbee/mall/entity/IndexConfig.java[language=FILE]//IndexConfig/isDeleted[varType=Byte,language=JAVA]"
"use://src/main/resources/mapper/MallUserMapper.xml[language=FILE]//mapper/insert[parameterType=ltd.newbee.mall.entity.MallUser,language=XML,queryId=insert]//Insert/#{lockedFlag\,jdbcType=TINYINT}[language=ANY]","def://src/main/java/ltd/newbee/mall/entity/MallUser.java[language=FILE]//MallUser/lockedFlag[varType=Byte,language=JAVA]"
"use://src/main/resources/mapper/NewBeeMallOrderMapper.xml[language=FILE]//mapper/update[parameterType=ltd.newbee.mall.entity.NewBeeMallOrder,language=XML,queryId=updateByPrimaryKey]//Update/#{orderNo\,jdbcType=VARCHAR}[language=ANY]","def://src/main/java/ltd/newbee/mall/entity/NewBeeMallOrder.java[language=FILE]//NewBeeMallOrder/orderNo[varType=String,language=JAVA]"
"use://src/main/resources/mapper/MallUserMapper.xml[language=FILE]//mapper/select[parameterType=java.lang.Long,resultMap=BaseResultMap,language=XML,queryId=selectByPrimaryKey]//Select/Where/=/#{userId\,jdbcType=BIGINT}[language=ANY]","def://src/main/java/ltd/newbee/mall/dao/MallUserMapper.java[language=FILE]//MallUserMapper/selectByPrimaryKey/userId[varType=Long,language=JAVA]"
"use://src/main/resources/mapper/NewBeeMallGoodsMapper.xml[language=FILE]//mapper/select[resultMap=ResultMapWithBLOBs,language=XML,queryId=selectByCategoryIdAndName]//Select/Where/=/#{goodsName\,jdbcType=VARCHAR}[language=ANY]","def://src/main/java/ltd/newbee/mall/dao/NewBeeMallGoodsMapper.java[language=FILE]//NewBeeMallGoodsMapper/selectByCategoryIdAndName/goodsName/@Param\\(""goodsName""\\)[language=JAVA]"
"use://src/main/resources/mapper/NewBeeMallGoodsMapper.xml[language=FILE]//mapper/update[parameterType=ltd.newbee.mall.entity.NewBeeMallGoods,language=XML,queryId=updateByPrimaryKeyWithBLOBs]//Update/#{goodsCoverImg\,jdbcType=VARCHAR}[language=ANY]","def://src/main/java/ltd/newbee/mall/entity/NewBeeMallGoods.java[language=FILE]//NewBeeMallGoods/goodsCoverImg[varType=String,language=JAVA]"
"use://src/main/resources/mapper/IndexConfigMapper.xml[language=FILE]//mapper/update[parameterType=ltd.newbee.mall.entity.IndexConfig,language=XML,queryId=updateByPrimaryKey]//Update/#{configType\,jdbcType=TINYINT}[language=ANY]","def://src/main/java/ltd/newbee/mall/entity/IndexConfig.java[language=FILE]//IndexConfig/configType[varType=Byte,language=JAVA]"
"use://src/main/resources/mapper/CarouselMapper.xml[language=FILE]//mapper/insert[parameterType=ltd.newbee.mall.entity.Carousel,language=XML,queryId=insert]//Insert/#{carouselRank\,jdbcType=INTEGER}[language=ANY]","def://src/main/java/ltd/newbee/mall/entity/Carousel.java[language=FILE]//Carousel/carouselRank[varType=Integer,language=JAVA]"
"use://src/main/resources/mapper/CarouselMapper.xml[language=FILE]//mapper/insert[parameterType=ltd.newbee.mall.entity.Carousel,language=XML,queryId=insert]//Insert/#{updateUser\,jdbcType=INTEGER}[language=ANY]","def://src/main/java/ltd/newbee/mall/entity/Carousel.java[language=FILE]//Carousel/updateUser[varType=Integer,language=JAVA]"
"use://src/main/resources/mapper/NewBeeMallGoodsMapper.xml[language=FILE]//mapper/update[parameterType=ltd.newbee.mall.entity.NewBeeMallGoods,language=XML,queryId=updateByPrimaryKeyWithBLOBs]//Update/#{goodsSellStatus\,jdbcType=TINYINT}[language=ANY]","def://src/main/java/ltd/newbee/mall/entity/NewBeeMallGoods.java[language=FILE]//NewBeeMallGoods/goodsSellStatus[varType=Byte,language=JAVA]"
"use://src/main/resources/mapper/NewBeeMallGoodsMapper.xml[language=FILE]//mapper/insert[parameterType=ltd.newbee.mall.entity.NewBeeMallGoods,language=XML,queryId=insert]//Insert/#{originalPrice\,jdbcType=INTEGER}[language=ANY]","def://src/main/java/ltd/newbee/mall/entity/NewBeeMallGoods.java[language=FILE]//NewBeeMallGoods/originalPrice[varType=Integer,language=JAVA]"
"use://src/main/resources/mapper/NewBeeMallOrderMapper.xml[language=FILE]//mapper/insert[parameterType=ltd.newbee.mall.entity.NewBeeMallOrder,language=XML,queryId=insert]//Insert/#{orderId\,jdbcType=BIGINT}[language=ANY]","def://src/main/java/ltd/newbee/mall/entity/NewBeeMallOrder.java[language=FILE]//NewBeeMallOrder/orderId[varType=Long,language=JAVA]"
"use://src/main/resources/mapper/NewBeeMallShoppingCartItemMapper.xml[language=FILE]//mapper/insert[parameterType=ltd.newbee.mall.entity.NewBeeMallShoppingCartItem,language=XML,queryId=insert]//Insert/#{createTime\,jdbcType=TIMESTAMP}[language=ANY]","def://src/main/java/ltd/newbee/mall/entity/NewBeeMallShoppingCartItem.java[language=FILE]//NewBeeMallShoppingCartItem/createTime[varType=Date,language=JAVA]"
"use://src/main/resources/mapper/NewBeeMallOrderMapper.xml[language=FILE]//mapper/insert[parameterType=ltd.newbee.mall.entity.NewBeeMallOrder,language=XML,queryId=insert]//Insert/#{payTime\,jdbcType=TIMESTAMP}[language=ANY]","def://src/main/java/ltd/newbee/mall/entity/NewBeeMallOrder.java[language=FILE]//NewBeeMallOrder/payTime[varType=Date,language=JAVA]"
"use://src/main/resources/mapper/NewBeeMallShoppingCartItemMapper.xml[language=FILE]//mapper/update[parameterType=ltd.newbee.mall.entity.NewBeeMallShoppingCartItem,language=XML,queryId=updateByPrimaryKey]//Update/#{createTime\,jdbcType=TIMESTAMP}[language=ANY]","def://src/main/java/ltd/newbee/mall/entity/NewBeeMallShoppingCartItem.java[language=FILE]//NewBeeMallShoppingCartItem/createTime[varType=Date,language=JAVA]"
"use://src/main/resources/mapper/NewBeeMallOrderItemMapper.xml[language=FILE]//mapper/update[parameterType=ltd.newbee.mall.entity.NewBeeMallOrderItem,language=XML,queryId=updateByPrimaryKey]//Update/#{sellingPrice\,jdbcType=INTEGER}[language=ANY]","def://src/main/java/ltd/newbee/mall/entity/NewBeeMallOrderItem.java[language=FILE]//NewBeeMallOrderItem/sellingPrice[varType=Integer,language=JAVA]"
"use://src/main/resources/mapper/NewBeeMallOrderItemMapper.xml[language=FILE]//mapper/insert[parameterType=ltd.newbee.mall.entity.NewBeeMallOrderItem,language=XML,queryId=insert]//Insert/#{goodsCoverImg\,jdbcType=VARCHAR}[language=ANY]","def://src/main/java/ltd/newbee/mall/entity/NewBeeMallOrderItem.java[language=FILE]//NewBeeMallOrderItem/goodsCoverImg[varType=String,language=JAVA]"
"use://src/main/resources/mapper/MallUserMapper.xml[language=FILE]//mapper/update[language=XML,queryId=lockUserBatch]//Update/#{lockStatus}[language=ANY]","def://src/main/java/ltd/newbee/mall/dao/MallUserMapper.java[language=FILE]//MallUserMapper/lockUserBatch/lockStatus/@Param\\(""lockStatus""\\)[language=JAVA]"
"use://src/main/resources/mapper/GoodsCategoryMapper.xml[language=FILE]//mapper/insert[parameterType=ltd.newbee.mall.entity.GoodsCategory,language=XML,queryId=insert]//Insert/#{categoryId\,jdbcType=BIGINT}[language=ANY]","def://src/main/java/ltd/newbee/mall/entity/GoodsCategory.java[language=FILE]//GoodsCategory/categoryId[varType=Long,language=JAVA]"
"use://src/main/resources/mapper/NewBeeMallShoppingCartItemMapper.xml[language=FILE]//mapper/insert[parameterType=ltd.newbee.mall.entity.NewBeeMallShoppingCartItem,language=XML,queryId=insert]//Insert/#{goodsCount\,jdbcType=INTEGER}[language=ANY]","def://src/main/java/ltd/newbee/mall/entity/NewBeeMallShoppingCartItem.java[language=FILE]//NewBeeMallShoppingCartItem/goodsCount[varType=Integer,language=JAVA]"
"use://src/main/resources/mapper/CarouselMapper.xml[language=FILE]//mapper/update[parameterType=ltd.newbee.mall.entity.Carousel,language=XML,queryId=updateByPrimaryKey]//Update/#{createTime\,jdbcType=TIMESTAMP}[language=ANY]","def://src/main/java/ltd/newbee/mall/entity/Carousel.java[language=FILE]//Carousel/createTime[varType=Date,language=JAVA]"
"use://src/main/resources/mapper/CarouselMapper.xml[language=FILE]//mapper/select[parameterType=java.lang.Integer,resultMap=BaseResultMap,language=XML,queryId=selectByPrimaryKey]//Select/Where/=/#{carouselId\,jdbcType=INTEGER}[language=ANY]","def://src/main/java/ltd/newbee/mall/dao/CarouselMapper.java[language=FILE]//CarouselMapper/selectByPrimaryKey/carouselId[varType=Integer,language=JAVA]"
"use://src/main/resources/mapper/NewBeeMallGoodsMapper.xml[language=FILE]//mapper/update[parameterType=ltd.newbee.mall.entity.NewBeeMallGoods,language=XML,queryId=updateByPrimaryKeyWithBLOBs]//Update/#{stockNum\,jdbcType=INTEGER}[language=ANY]","def://src/main/java/ltd/newbee/mall/entity/NewBeeMallGoods.java[language=FILE]//NewBeeMallGoods/stockNum[varType=Integer,language=JAVA]"
"use://src/main/resources/mapper/CarouselMapper.xml[language=FILE]//mapper/insert[parameterType=ltd.newbee.mall.entity.Carousel,language=XML,queryId=insert]//Insert/#{redirectUrl\,jdbcType=VARCHAR}[language=ANY]","def://src/main/java/ltd/newbee/mall/entity/Carousel.java[language=FILE]//Carousel/redirectUrl[varType=String,language=JAVA]"
"use://src/main/resources/mapper/NewBeeMallOrderMapper.xml[language=FILE]//mapper/insert[parameterType=ltd.newbee.mall.entity.NewBeeMallOrder,language=XML,queryId=insert]//Insert/#{orderStatus\,jdbcType=TINYINT}[language=ANY]","def://src/main/java/ltd/newbee/mall/entity/NewBeeMallOrder.java[language=FILE]//NewBeeMallOrder/orderStatus[varType=Byte,language=JAVA]"
"use://src/main/resources/mapper/AdminUserMapper.xml[language=FILE]//mapper/update[parameterType=ltd.newbee.mall.entity.AdminUser,language=XML,queryId=updateByPrimaryKey]//Update/Where/=/#{adminUserId\,jdbcType=INTEGER}[language=ANY]","def://src/main/java/ltd/newbee/mall/entity/AdminUser.java[language=FILE]//AdminUser/adminUserId[varType=Integer,language=JAVA]"
