XML,JAVA
def://app/src/main/res/layout-land/activity_player_queue_control.xml//RelativeLayout/com.google.android.material.appbar.AppBarLayout/androidx.appcompat.widget.Toolbar/android:id//@+id\/toolbar,use://app/src/main/java/us/shandian/giga/ui/common/ToolbarActivity.java//R.id.toolbar
def://app/src/main/res/layout-land/activity_player_queue_control.xml//RelativeLayout/com.google.android.material.appbar.AppBarLayout/androidx.appcompat.widget.Toolbar/android:id//@+id\/toolbar,use://app/src/main/java/org/schabi/newpipe/fragments/detail/VideoDetailFragment.java//R.id.toolbar
def://app/src/main/res/layout/list_choose_tabs_dialog.xml//RelativeLayout/androidx.appcompat.widget.AppCompatImageView/android:id//@+id\/tabIcon,use://app/src/main/java/org/schabi/newpipe/settings/tabs/AddTabDialog.java//R.id.tabIcon
def://app/src/main/res/layout/list_choose_tabs_dialog.xml//RelativeLayout/TextView/android:id//@+id\/tabName,use://app/src/main/java/org/schabi/newpipe/settings/tabs/AddTabDialog.java//R.id.tabName
def://app/src/main/res/layout/list_stream_playlist_item.xml//RelativeLayout/android:id//@+id\/itemRoot,use://app/src/main/java/org/schabi/newpipe/player/playqueue/PlayQueueItemHolder.java//R.id.itemRoot
def://app/src/main/res/layout/list_stream_playlist_item.xml//RelativeLayout/ImageView/android:id//@+id\/itemThumbnailView,use://app/src/main/java/org/schabi/newpipe/player/playqueue/PlayQueueItemHolder.java//R.id.itemThumbnailView
def://app/src/main/res/layout/list_stream_playlist_item.xml//RelativeLayout/ImageView/android:id//@+id\/itemThumbnailView,use://app/src/main/java/org/schabi/newpipe/local/holder/LocalPlaylistStreamItemHolder.java//R.id.itemThumbnailView
def://app/src/main/res/layout/list_stream_playlist_item.xml//RelativeLayout/TextView/android:id//@+id\/itemDurationView,use://app/src/main/java/org/schabi/newpipe/player/playqueue/PlayQueueItemHolder.java//R.id.itemDurationView
def://app/src/main/res/layout/list_stream_playlist_item.xml//RelativeLayout/TextView/android:id//@+id\/itemDurationView,use://app/src/main/java/org/schabi/newpipe/local/holder/LocalPlaylistStreamItemHolder.java//R.id.itemDurationView
def://app/src/main/res/layout/list_stream_playlist_item.xml//RelativeLayout/ImageView/android:id//@+id\/itemHandle,use://app/src/main/java/org/schabi/newpipe/player/playqueue/PlayQueueItemHolder.java//R.id.itemHandle
def://app/src/main/res/layout/list_stream_playlist_item.xml//RelativeLayout/ImageView/android:id//@+id\/itemHandle,use://app/src/main/java/org/schabi/newpipe/local/holder/LocalPlaylistStreamItemHolder.java//R.id.itemHandle
def://app/src/main/res/layout/list_stream_playlist_item.xml//RelativeLayout/TextView/android:id//@+id\/itemVideoTitleView,use://app/src/main/java/org/schabi/newpipe/player/playqueue/PlayQueueItemHolder.java//R.id.itemVideoTitleView
def://app/src/main/res/layout/list_stream_playlist_item.xml//RelativeLayout/TextView/android:id//@+id\/itemVideoTitleView,use://app/src/main/java/org/schabi/newpipe/local/holder/LocalPlaylistStreamItemHolder.java//R.id.itemVideoTitleView
def://app/src/main/res/layout/list_stream_playlist_item.xml//RelativeLayout/TextView/android:id//@+id\/itemAdditionalDetails,use://app/src/main/java/org/schabi/newpipe/player/playqueue/PlayQueueItemHolder.java//R.id.itemAdditionalDetails
def://app/src/main/res/layout/list_stream_playlist_item.xml//RelativeLayout/TextView/android:id//@+id\/itemAdditionalDetails,use://app/src/main/java/org/schabi/newpipe/local/holder/LocalPlaylistStreamItemHolder.java//R.id.itemAdditionalDetails
def://app/src/main/res/layout/list_stream_playlist_item.xml//RelativeLayout/org.schabi.newpipe.views.AnimatedProgressBar/android:id//@+id\/itemProgressView,use://app/src/main/java/org/schabi/newpipe/local/holder/LocalPlaylistStreamItemHolder.java//R.id.itemProgressView
def://app/src/main/res/layout/list_channel_mini_item.xml//RelativeLayout/android:id//@+id\/itemRoot,use://app/src/main/java/org/schabi/newpipe/player/playqueue/PlayQueueItemHolder.java//R.id.itemRoot
def://app/src/main/res/layout/list_channel_mini_item.xml//RelativeLayout/de.hdodenhof.circleimageview.CircleImageView/android:id//@+id\/itemThumbnailView,use://app/src/main/java/org/schabi/newpipe/player/playqueue/PlayQueueItemHolder.java//R.id.itemThumbnailView
def://app/src/main/res/layout/list_channel_mini_item.xml//RelativeLayout/de.hdodenhof.circleimageview.CircleImageView/android:id//@+id\/itemThumbnailView,use://app/src/main/java/org/schabi/newpipe/info_list/holder/ChannelMiniInfoItemHolder.java//R.id.itemThumbnailView
def://app/src/main/res/layout/list_channel_mini_item.xml//RelativeLayout/TextView/android:id//@+id\/itemTitleView,use://app/src/main/java/org/schabi/newpipe/info_list/holder/ChannelMiniInfoItemHolder.java//R.id.itemTitleView
def://app/src/main/res/layout/list_channel_mini_item.xml//RelativeLayout/TextView/android:id//@+id\/itemAdditionalDetails,use://app/src/main/java/org/schabi/newpipe/player/playqueue/PlayQueueItemHolder.java//R.id.itemAdditionalDetails
def://app/src/main/res/layout/list_channel_mini_item.xml//RelativeLayout/TextView/android:id//@+id\/itemAdditionalDetails,use://app/src/main/java/org/schabi/newpipe/info_list/holder/ChannelMiniInfoItemHolder.java//R.id.itemAdditionalDetails
def://app/src/main/res/layout/item_instance.xml//androidx.cardview.widget.CardView/RelativeLayout/androidx.appcompat.widget.AppCompatImageView/android:id//@+id\/instanceIcon,use://app/src/main/java/org/schabi/newpipe/settings/PeertubeInstanceListFragment.java//R.id.instanceIcon
def://app/src/main/res/layout/item_instance.xml//androidx.cardview.widget.CardView/RelativeLayout/TextView/android:id//@+id\/instanceName,use://app/src/main/java/org/schabi/newpipe/settings/PeertubeInstanceListFragment.java//R.id.instanceName
def://app/src/main/res/layout/item_instance.xml//androidx.cardview.widget.CardView/RelativeLayout/TextView/android:id//@+id\/instanceUrl,use://app/src/main/java/org/schabi/newpipe/settings/PeertubeInstanceListFragment.java//R.id.instanceUrl
def://app/src/main/res/layout/item_instance.xml//androidx.cardview.widget.CardView/RelativeLayout/RadioButton/android:id//@+id\/selectInstanceRB,use://app/src/main/java/org/schabi/newpipe/settings/PeertubeInstanceListFragment.java//R.id.selectInstanceRB
def://app/src/main/res/layout/item_instance.xml//androidx.cardview.widget.CardView/RelativeLayout/androidx.appcompat.widget.AppCompatImageView/android:id//@+id\/handle,use://app/src/main/java/org/schabi/newpipe/settings/PeertubeInstanceListFragment.java//R.id.handle
def://app/src/main/res/layout/list_playlist_item.xml//RelativeLayout/android:id//@+id\/itemRoot,use://app/src/main/java/org/schabi/newpipe/player/playqueue/PlayQueueItemHolder.java//R.id.itemRoot
def://app/src/main/res/layout/list_playlist_item.xml//RelativeLayout/ImageView/android:id//@+id\/itemThumbnailView,use://app/src/main/java/org/schabi/newpipe/player/playqueue/PlayQueueItemHolder.java//R.id.itemThumbnailView
def://app/src/main/res/layout/item_search_suggestion.xml//RelativeLayout/LinearLayout/android:id//@+id\/suggestion_search,use://app/src/main/java/org/schabi/newpipe/fragments/list/search/SuggestionListAdapter.java//R.id.suggestion_search
def://app/src/main/res/layout/item_search_suggestion.xml//RelativeLayout/LinearLayout/ImageView/android:id//@+id\/item_suggestion_icon,use://app/src/main/java/org/schabi/newpipe/fragments/list/search/SuggestionListAdapter.java//R.id.item_suggestion_icon
def://app/src/main/res/layout/item_search_suggestion.xml//RelativeLayout/LinearLayout/TextView/android:id//@+id\/item_suggestion_query,use://app/src/main/java/org/schabi/newpipe/fragments/list/search/SuggestionListAdapter.java//R.id.item_suggestion_query
def://app/src/main/res/layout/item_search_suggestion.xml//RelativeLayout/LinearLayout/android:id//@+id\/suggestion_insert,use://app/src/main/java/org/schabi/newpipe/fragments/list/search/SuggestionListAdapter.java//R.id.suggestion_insert
def://app/src/main/res/layout/download_dialog.xml//RelativeLayout/RadioGroup/RadioButton/android:id//@+id\/video_button,use://app/src/main/java/org/schabi/newpipe/download/DownloadDialog.java//R.id.video_button
def://app/src/main/res/layout/download_dialog.xml//RelativeLayout/RadioGroup/RadioButton/android:id//@+id\/audio_button,use://app/src/main/java/org/schabi/newpipe/download/DownloadDialog.java//R.id.audio_button
def://app/src/main/res/layout/download_dialog.xml//RelativeLayout/RadioGroup/RadioButton/android:id//@+id\/subtitle_button,use://app/src/main/java/org/schabi/newpipe/download/DownloadDialog.java//R.id.subtitle_button
def://app/src/main/res/layout/fragment_comments.xml//RelativeLayout/org.schabi.newpipe.views.NewPipeRecyclerView/android:id//@+id\/items_list,use://app/src/main/java/org/schabi/newpipe/local/BaseLocalListFragment.java//R.id.items_list
def://app/src/main/res/layout/fragment_comments.xml//RelativeLayout/org.schabi.newpipe.views.NewPipeRecyclerView/android:id//@+id\/items_list,use://app/src/main/java/org/schabi/newpipe/fragments/list/BaseListFragment.java//R.id.items_list
def://app/src/main/res/layout/fragment_comments.xml//RelativeLayout/ProgressBar/android:id//@+id\/loading_progress_bar,use://app/src/main/java/org/schabi/newpipe/fragments/BaseStateFragment.java//R.id.loading_progress_bar
def://app/src/main/res/layout/fragment_comments.xml//RelativeLayout/LinearLayout/android:id//@+id\/empty_state_view,use://app/src/main/java/org/schabi/newpipe/fragments/BaseStateFragment.java//R.id.empty_state_view
def://app/src/main/res/layout/fragment_comments.xml//RelativeLayout/LinearLayout/TextView/android:id//@+id\/empty_state_desc,use://app/src/main/java/org/schabi/newpipe/fragments/list/comments/CommentsFragment.java//R.id.empty_state_desc
def://app/src/main/res/layout/list_channel_item.xml//androidx.constraintlayout.widget.ConstraintLayout/android:id//@+id\/itemRoot,use://app/src/main/java/org/schabi/newpipe/player/playqueue/PlayQueueItemHolder.java//R.id.itemRoot
def://app/src/main/res/layout/list_channel_item.xml//androidx.constraintlayout.widget.ConstraintLayout/TextView/android:id//@+id\/itemChannelDescriptionView,use://app/src/main/java/org/schabi/newpipe/info_list/holder/ChannelInfoItemHolder.java//R.id.itemChannelDescriptionView
def://app/src/main/res/layout/list_channel_item.xml//androidx.constraintlayout.widget.ConstraintLayout/TextView/android:id//@+id\/itemAdditionalDetails,use://app/src/main/java/org/schabi/newpipe/player/playqueue/PlayQueueItemHolder.java//R.id.itemAdditionalDetails
def://app/src/main/res/layout/list_channel_item.xml//androidx.constraintlayout.widget.ConstraintLayout/de.hdodenhof.circleimageview.CircleImageView/android:id//@+id\/itemThumbnailView,use://app/src/main/java/org/schabi/newpipe/player/playqueue/PlayQueueItemHolder.java//R.id.itemThumbnailView
def://app/src/main/res/layout/activity_player_queue_control.xml//RelativeLayout/com.google.android.material.appbar.AppBarLayout/androidx.appcompat.widget.Toolbar/android:id//@+id\/toolbar,use://app/src/main/java/us/shandian/giga/ui/common/ToolbarActivity.java//R.id.toolbar
def://app/src/main/res/layout/activity_player_queue_control.xml//RelativeLayout/com.google.android.material.appbar.AppBarLayout/androidx.appcompat.widget.Toolbar/android:id//@+id\/toolbar,use://app/src/main/java/org/schabi/newpipe/fragments/detail/VideoDetailFragment.java//R.id.toolbar
def://app/src/main/res/layout/missions_header.xml//LinearLayout/TextView/android:id//@+id\/item_name,use://app/src/main/java/us/shandian/giga/ui/adapter/MissionAdapter.java//R.id.item_name
def://app/src/main/res/layout/fragment_feed.xml//RelativeLayout/androidx.swiperefreshlayout.widget.SwipeRefreshLayout/androidx.recyclerview.widget.RecyclerView/android:id//@+id\/items_list,use://app/src/main/java/org/schabi/newpipe/local/BaseLocalListFragment.java//R.id.items_list
def://app/src/main/res/layout/fragment_feed.xml//RelativeLayout/androidx.swiperefreshlayout.widget.SwipeRefreshLayout/androidx.recyclerview.widget.RecyclerView/android:id//@+id\/items_list,use://app/src/main/java/org/schabi/newpipe/fragments/list/BaseListFragment.java//R.id.items_list
def://app/src/main/res/layout/fragment_feed.xml//RelativeLayout/LinearLayout/ProgressBar/android:id//@+id\/loading_progress_bar,use://app/src/main/java/org/schabi/newpipe/fragments/BaseStateFragment.java//R.id.loading_progress_bar
def://app/src/main/res/layout/fragment_feed.xml//RelativeLayout/include/android:id//@+id\/empty_state_view,use://app/src/main/java/org/schabi/newpipe/fragments/BaseStateFragment.java//R.id.empty_state_view
def://app/src/main/res/layout/select_playlist_fragment.xml//LinearLayout/androidx.recyclerview.widget.RecyclerView/android:id//@+id\/items_list,use://app/src/main/java/org/schabi/newpipe/local/BaseLocalListFragment.java//R.id.items_list
def://app/src/main/res/layout/select_playlist_fragment.xml//LinearLayout/androidx.recyclerview.widget.RecyclerView/android:id//@+id\/items_list,use://app/src/main/java/org/schabi/newpipe/fragments/list/BaseListFragment.java//R.id.items_list
def://app/src/main/res/layout/select_playlist_fragment.xml//LinearLayout/androidx.recyclerview.widget.RecyclerView/android:id//@+id\/items_list,use://app/src/main/java/org/schabi/newpipe/settings/SelectPlaylistFragment.java//R.id.items_list
def://app/src/main/res/layout/select_playlist_fragment.xml//LinearLayout/TextView/android:id//@+id\/empty_state_view,use://app/src/main/java/org/schabi/newpipe/fragments/BaseStateFragment.java//R.id.empty_state_view
def://app/src/main/res/layout/select_playlist_fragment.xml//LinearLayout/TextView/android:id//@+id\/empty_state_view,use://app/src/main/java/org/schabi/newpipe/settings/SelectPlaylistFragment.java//R.id.empty_state_view
def://app/src/main/res/layout/select_playlist_fragment.xml//LinearLayout/ProgressBar/android:id//@+id\/progressBar,use://app/src/main/java/org/schabi/newpipe/settings/SelectPlaylistFragment.java//R.id.progressBar
def://app/src/main/res/layout/mission_item.xml//RelativeLayout/RelativeLayout/android:id//@+id\/item_bkg,use://app/src/main/java/us/shandian/giga/ui/adapter/MissionAdapter.java//R.id.item_bkg
def://app/src/main/res/layout/mission_item.xml//RelativeLayout/RelativeLayout/RelativeLayout/TextView/android:id//@+id\/item_status,use://app/src/main/java/us/shandian/giga/ui/adapter/MissionAdapter.java//R.id.item_status
def://app/src/main/res/layout/mission_item.xml//RelativeLayout/RelativeLayout/RelativeLayout/ImageView/android:id//@+id\/item_more,use://app/src/main/java/us/shandian/giga/ui/adapter/MissionAdapter.java//R.id.item_more
def://app/src/main/res/layout/mission_item.xml//RelativeLayout/RelativeLayout/ImageView/android:id//@+id\/item_icon,use://app/src/main/java/us/shandian/giga/ui/adapter/MissionAdapter.java//R.id.item_icon
def://app/src/main/res/layout/mission_item.xml//RelativeLayout/RelativeLayout/TextView/android:id//@+id\/item_name,use://app/src/main/java/us/shandian/giga/ui/adapter/MissionAdapter.java//R.id.item_name
def://app/src/main/res/layout/mission_item.xml//RelativeLayout/RelativeLayout/TextView/android:id//@+id\/item_size,use://app/src/main/java/us/shandian/giga/ui/adapter/MissionAdapter.java//R.id.item_size
def://app/src/main/res/layout/list_channel_grid_item.xml//RelativeLayout/android:id//@+id\/itemRoot,use://app/src/main/java/org/schabi/newpipe/player/playqueue/PlayQueueItemHolder.java//R.id.itemRoot
def://app/src/main/res/layout/list_channel_grid_item.xml//RelativeLayout/de.hdodenhof.circleimageview.CircleImageView/android:id//@+id\/itemThumbnailView,use://app/src/main/java/org/schabi/newpipe/player/playqueue/PlayQueueItemHolder.java//R.id.itemThumbnailView
def://app/src/main/res/layout/list_channel_grid_item.xml//RelativeLayout/TextView/android:id//@+id\/itemAdditionalDetails,use://app/src/main/java/org/schabi/newpipe/player/playqueue/PlayQueueItemHolder.java//R.id.itemAdditionalDetails
def://app/src/main/res/layout/fragment_playlist.xml//RelativeLayout/androidx.recyclerview.widget.RecyclerView/android:id//@+id\/items_list,use://app/src/main/java/org/schabi/newpipe/local/BaseLocalListFragment.java//R.id.items_list
def://app/src/main/res/layout/fragment_playlist.xml//RelativeLayout/androidx.recyclerview.widget.RecyclerView/android:id//@+id\/items_list,use://app/src/main/java/org/schabi/newpipe/fragments/list/BaseListFragment.java//R.id.items_list
def://app/src/main/res/layout/fragment_playlist.xml//RelativeLayout/ProgressBar/android:id//@+id\/loading_progress_bar,use://app/src/main/java/org/schabi/newpipe/fragments/BaseStateFragment.java//R.id.loading_progress_bar
def://app/src/main/res/layout/fragment_playlist.xml//RelativeLayout/LinearLayout/android:id//@+id\/empty_state_view,use://app/src/main/java/org/schabi/newpipe/fragments/BaseStateFragment.java//R.id.empty_state_view
def://app/src/main/res/layout/select_channel_item.xml//RelativeLayout/de.hdodenhof.circleimageview.CircleImageView/android:id//@+id\/itemThumbnailView,use://app/src/main/java/org/schabi/newpipe/player/playqueue/PlayQueueItemHolder.java//R.id.itemThumbnailView
def://app/src/main/res/layout/select_channel_item.xml//RelativeLayout/de.hdodenhof.circleimageview.CircleImageView/android:id//@+id\/itemThumbnailView,use://app/src/main/java/org/schabi/newpipe/settings/SelectChannelFragment.java//R.id.itemThumbnailView
def://app/src/main/res/layout/select_channel_item.xml//RelativeLayout/TextView/android:id//@+id\/itemTitleView,use://app/src/main/java/org/schabi/newpipe/settings/SelectChannelFragment.java//R.id.itemTitleView
def://app/src/main/res/layout/fragment_kiosk.xml//RelativeLayout/org.schabi.newpipe.views.NewPipeRecyclerView/android:id//@+id\/items_list,use://app/src/main/java/org/schabi/newpipe/local/BaseLocalListFragment.java//R.id.items_list
def://app/src/main/res/layout/fragment_kiosk.xml//RelativeLayout/org.schabi.newpipe.views.NewPipeRecyclerView/android:id//@+id\/items_list,use://app/src/main/java/org/schabi/newpipe/fragments/list/BaseListFragment.java//R.id.items_list
def://app/src/main/res/layout/fragment_kiosk.xml//RelativeLayout/ProgressBar/android:id//@+id\/loading_progress_bar,use://app/src/main/java/org/schabi/newpipe/fragments/BaseStateFragment.java//R.id.loading_progress_bar
def://app/src/main/res/layout/fragment_kiosk.xml//RelativeLayout/LinearLayout/android:id//@+id\/empty_state_view,use://app/src/main/java/org/schabi/newpipe/fragments/BaseStateFragment.java//R.id.empty_state_view
def://app/src/main/res/layout/toolbar_layout.xml//LinearLayout/androidx.appcompat.widget.Toolbar/android:id//@+id\/toolbar,use://app/src/main/java/us/shandian/giga/ui/common/ToolbarActivity.java//R.id.toolbar
def://app/src/main/res/layout/toolbar_layout.xml//LinearLayout/androidx.appcompat.widget.Toolbar/android:id//@+id\/toolbar,use://app/src/main/java/org/schabi/newpipe/fragments/detail/VideoDetailFragment.java//R.id.toolbar
def://app/src/main/res/layout/missions.xml//LinearLayout/include/android:id//@+id\/list_empty_view,use://app/src/main/java/us/shandian/giga/ui/fragment/MissionsFragment.java//R.id.list_empty_view
def://app/src/main/res/layout/missions.xml//LinearLayout/androidx.recyclerview.widget.RecyclerView/android:id//@+id\/mission_recycler,use://app/src/main/java/us/shandian/giga/ui/fragment/MissionsFragment.java//R.id.mission_recycler
def://app/src/main/res/layout/fragment_subscription.xml//RelativeLayout/androidx.recyclerview.widget.RecyclerView/android:id//@+id\/items_list,use://app/src/main/java/org/schabi/newpipe/local/BaseLocalListFragment.java//R.id.items_list
def://app/src/main/res/layout/fragment_subscription.xml//RelativeLayout/androidx.recyclerview.widget.RecyclerView/android:id//@+id\/items_list,use://app/src/main/java/org/schabi/newpipe/fragments/list/BaseListFragment.java//R.id.items_list
def://app/src/main/res/layout/fragment_subscription.xml//RelativeLayout/include/android:id//@+id\/empty_state_view,use://app/src/main/java/org/schabi/newpipe/fragments/BaseStateFragment.java//R.id.empty_state_view
def://app/src/main/res/layout/select_kiosk_fragment.xml//LinearLayout/androidx.recyclerview.widget.RecyclerView/android:id//@+id\/items_list,use://app/src/main/java/org/schabi/newpipe/local/BaseLocalListFragment.java//R.id.items_list
def://app/src/main/res/layout/select_kiosk_fragment.xml//LinearLayout/androidx.recyclerview.widget.RecyclerView/android:id//@+id\/items_list,use://app/src/main/java/org/schabi/newpipe/fragments/list/BaseListFragment.java//R.id.items_list
def://app/src/main/res/layout/select_kiosk_fragment.xml//LinearLayout/androidx.recyclerview.widget.RecyclerView/android:id//@+id\/items_list,use://app/src/main/java/org/schabi/newpipe/settings/SelectKioskFragment.java//R.id.items_list
def://app/src/main/res/layout/list_stream_item.xml//androidx.constraintlayout.widget.ConstraintLayout/android:id//@+id\/itemRoot,use://app/src/main/java/org/schabi/newpipe/player/playqueue/PlayQueueItemHolder.java//R.id.itemRoot
def://app/src/main/res/layout/list_stream_item.xml//androidx.constraintlayout.widget.ConstraintLayout/ImageView/android:id//@+id\/itemThumbnailView,use://app/src/main/java/org/schabi/newpipe/player/playqueue/PlayQueueItemHolder.java//R.id.itemThumbnailView
def://app/src/main/res/layout/list_stream_item.xml//androidx.constraintlayout.widget.ConstraintLayout/ImageView/android:id//@+id\/itemThumbnailView,use://app/src/main/java/org/schabi/newpipe/local/holder/LocalStatisticStreamItemHolder.java//R.id.itemThumbnailView
def://app/src/main/res/layout/list_stream_item.xml//androidx.constraintlayout.widget.ConstraintLayout/TextView/android:id//@+id\/itemDurationView,use://app/src/main/java/org/schabi/newpipe/player/playqueue/PlayQueueItemHolder.java//R.id.itemDurationView
def://app/src/main/res/layout/list_stream_item.xml//androidx.constraintlayout.widget.ConstraintLayout/TextView/android:id//@+id\/itemDurationView,use://app/src/main/java/org/schabi/newpipe/local/holder/LocalStatisticStreamItemHolder.java//R.id.itemDurationView
def://app/src/main/res/layout/list_stream_item.xml//androidx.constraintlayout.widget.ConstraintLayout/TextView/android:id//@+id\/itemVideoTitleView,use://app/src/main/java/org/schabi/newpipe/player/playqueue/PlayQueueItemHolder.java//R.id.itemVideoTitleView
def://app/src/main/res/layout/list_stream_item.xml//androidx.constraintlayout.widget.ConstraintLayout/TextView/android:id//@+id\/itemVideoTitleView,use://app/src/main/java/org/schabi/newpipe/local/holder/LocalStatisticStreamItemHolder.java//R.id.itemVideoTitleView
def://app/src/main/res/layout/list_stream_item.xml//androidx.constraintlayout.widget.ConstraintLayout/TextView/android:id//@+id\/itemUploaderView,use://app/src/main/java/org/schabi/newpipe/local/holder/LocalStatisticStreamItemHolder.java//R.id.itemUploaderView
def://app/src/main/res/layout/list_stream_item.xml//androidx.constraintlayout.widget.ConstraintLayout/TextView/android:id//@+id\/itemAdditionalDetails,use://app/src/main/java/org/schabi/newpipe/player/playqueue/PlayQueueItemHolder.java//R.id.itemAdditionalDetails
def://app/src/main/res/layout/list_stream_item.xml//androidx.constraintlayout.widget.ConstraintLayout/TextView/android:id//@+id\/itemAdditionalDetails,use://app/src/main/java/org/schabi/newpipe/local/holder/LocalStatisticStreamItemHolder.java//R.id.itemAdditionalDetails
def://app/src/main/res/layout/list_stream_item.xml//androidx.constraintlayout.widget.ConstraintLayout/TextView/android:id//@+id\/itemAdditionalDetails,use://app/src/main/java/org/schabi/newpipe/info_list/holder/StreamInfoItemHolder.java//R.id.itemAdditionalDetails
def://app/src/main/res/layout/list_stream_item.xml//androidx.constraintlayout.widget.ConstraintLayout/org.schabi.newpipe.views.AnimatedProgressBar/android:id//@+id\/itemProgressView,use://app/src/main/java/org/schabi/newpipe/local/holder/LocalStatisticStreamItemHolder.java//R.id.itemProgressView
def://app/src/main/res/layout/dialog_title.xml//RelativeLayout/android:id//@+id\/itemRoot,use://app/src/main/java/org/schabi/newpipe/player/playqueue/PlayQueueItemHolder.java//R.id.itemRoot
def://app/src/main/res/layout/dialog_title.xml//RelativeLayout/TextView/android:id//@+id\/itemTitleView,use://app/src/main/java/org/schabi/newpipe/info_list/InfoItemDialog.java//R.id.itemTitleView
def://app/src/main/res/layout/dialog_title.xml//RelativeLayout/TextView/android:id//@+id\/itemAdditionalDetails,use://app/src/main/java/org/schabi/newpipe/player/playqueue/PlayQueueItemHolder.java//R.id.itemAdditionalDetails
def://app/src/main/res/layout/dialog_title.xml//RelativeLayout/TextView/android:id//@+id\/itemAdditionalDetails,use://app/src/main/java/org/schabi/newpipe/info_list/InfoItemDialog.java//R.id.itemAdditionalDetails
def://app/src/main/res/layout/list_stream_grid_item.xml//androidx.constraintlayout.widget.ConstraintLayout/android:id//@+id\/itemRoot,use://app/src/main/java/org/schabi/newpipe/player/playqueue/PlayQueueItemHolder.java//R.id.itemRoot
def://app/src/main/res/layout/list_stream_grid_item.xml//androidx.constraintlayout.widget.ConstraintLayout/ImageView/android:id//@+id\/itemThumbnailView,use://app/src/main/java/org/schabi/newpipe/player/playqueue/PlayQueueItemHolder.java//R.id.itemThumbnailView
def://app/src/main/res/layout/list_stream_grid_item.xml//androidx.constraintlayout.widget.ConstraintLayout/TextView/android:id//@+id\/itemDurationView,use://app/src/main/java/org/schabi/newpipe/player/playqueue/PlayQueueItemHolder.java//R.id.itemDurationView
def://app/src/main/res/layout/list_stream_grid_item.xml//androidx.constraintlayout.widget.ConstraintLayout/TextView/android:id//@+id\/itemVideoTitleView,use://app/src/main/java/org/schabi/newpipe/player/playqueue/PlayQueueItemHolder.java//R.id.itemVideoTitleView
def://app/src/main/res/layout/list_stream_grid_item.xml//androidx.constraintlayout.widget.ConstraintLayout/TextView/android:id//@+id\/itemAdditionalDetails,use://app/src/main/java/org/schabi/newpipe/player/playqueue/PlayQueueItemHolder.java//R.id.itemAdditionalDetails
def://app/src/main/res/layout/fragment_related_items.xml//RelativeLayout/androidx.recyclerview.widget.RecyclerView/android:id//@+id\/items_list,use://app/src/main/java/org/schabi/newpipe/local/BaseLocalListFragment.java//R.id.items_list
def://app/src/main/res/layout/fragment_related_items.xml//RelativeLayout/androidx.recyclerview.widget.RecyclerView/android:id//@+id\/items_list,use://app/src/main/java/org/schabi/newpipe/fragments/list/BaseListFragment.java//R.id.items_list
def://app/src/main/res/layout/fragment_related_items.xml//RelativeLayout/ProgressBar/android:id//@+id\/loading_progress_bar,use://app/src/main/java/org/schabi/newpipe/fragments/BaseStateFragment.java//R.id.loading_progress_bar
def://app/src/main/res/layout/fragment_related_items.xml//RelativeLayout/LinearLayout/android:id//@+id\/empty_state_view,use://app/src/main/java/org/schabi/newpipe/fragments/BaseStateFragment.java//R.id.empty_state_view
def://app/src/main/res/layout/list_choose_tabs.xml//androidx.cardview.widget.CardView/RelativeLayout/androidx.appcompat.widget.AppCompatImageView/android:id//@+id\/tabIcon,use://app/src/main/java/org/schabi/newpipe/settings/tabs/ChooseTabsFragment.java//R.id.tabIcon
def://app/src/main/res/layout/list_choose_tabs.xml//androidx.cardview.widget.CardView/RelativeLayout/TextView/android:id//@+id\/tabName,use://app/src/main/java/org/schabi/newpipe/settings/tabs/ChooseTabsFragment.java//R.id.tabName
def://app/src/main/res/layout/list_choose_tabs.xml//androidx.cardview.widget.CardView/RelativeLayout/androidx.appcompat.widget.AppCompatImageView/android:id//@+id\/handle,use://app/src/main/java/org/schabi/newpipe/settings/tabs/ChooseTabsFragment.java//R.id.handle
def://app/src/main/res/layout/play_queue_item.xml//androidx.constraintlayout.widget.ConstraintLayout/android:id//@+id\/itemRoot,use://app/src/main/java/org/schabi/newpipe/player/playqueue/PlayQueueItemHolder.java//R.id.itemRoot
def://app/src/main/res/layout/play_queue_item.xml//androidx.constraintlayout.widget.ConstraintLayout/ImageView/android:id//@+id\/itemThumbnailView,use://app/src/main/java/org/schabi/newpipe/player/playqueue/PlayQueueItemHolder.java//R.id.itemThumbnailView
def://app/src/main/res/layout/play_queue_item.xml//androidx.constraintlayout.widget.ConstraintLayout/TextView/android:id//@+id\/itemDurationView,use://app/src/main/java/org/schabi/newpipe/player/playqueue/PlayQueueItemHolder.java//R.id.itemDurationView
def://app/src/main/res/layout/play_queue_item.xml//androidx.constraintlayout.widget.ConstraintLayout/TextView/android:id//@+id\/itemVideoTitleView,use://app/src/main/java/org/schabi/newpipe/player/playqueue/PlayQueueItemHolder.java//R.id.itemVideoTitleView
def://app/src/main/res/layout/play_queue_item.xml//androidx.constraintlayout.widget.ConstraintLayout/TextView/android:id//@+id\/itemAdditionalDetails,use://app/src/main/java/org/schabi/newpipe/player/playqueue/PlayQueueItemHolder.java//R.id.itemAdditionalDetails
def://app/src/main/res/layout/play_queue_item.xml//androidx.constraintlayout.widget.ConstraintLayout/androidx.appcompat.widget.AppCompatImageView/android:id//@+id\/itemHandle,use://app/src/main/java/org/schabi/newpipe/player/playqueue/PlayQueueItemHolder.java//R.id.itemHandle
def://app/src/main/res/layout/activity_downloader.xml//LinearLayout/androidx.fragment.app.FragmentContainerView/android:id//@+id\/frame,use://app/src/main/java/org/schabi/newpipe/download/DownloadActivity.java//R.id.frame
def://app/src/main/res/layout/fragment_channel.xml//RelativeLayout/androidx.recyclerview.widget.RecyclerView/android:id//@+id\/items_list,use://app/src/main/java/org/schabi/newpipe/local/BaseLocalListFragment.java//R.id.items_list
def://app/src/main/res/layout/fragment_channel.xml//RelativeLayout/androidx.recyclerview.widget.RecyclerView/android:id//@+id\/items_list,use://app/src/main/java/org/schabi/newpipe/fragments/list/BaseListFragment.java//R.id.items_list
def://app/src/main/res/layout/fragment_channel.xml//RelativeLayout/ProgressBar/android:id//@+id\/loading_progress_bar,use://app/src/main/java/org/schabi/newpipe/fragments/BaseStateFragment.java//R.id.loading_progress_bar
def://app/src/main/res/layout/fragment_channel.xml//RelativeLayout/LinearLayout/android:id//@+id\/empty_state_view,use://app/src/main/java/org/schabi/newpipe/fragments/BaseStateFragment.java//R.id.empty_state_view
def://app/src/main/res/layout/fragment_search.xml//RelativeLayout/androidx.recyclerview.widget.RecyclerView/android:id//@+id\/items_list,use://app/src/main/java/org/schabi/newpipe/local/BaseLocalListFragment.java//R.id.items_list
def://app/src/main/res/layout/fragment_search.xml//RelativeLayout/androidx.recyclerview.widget.RecyclerView/android:id//@+id\/items_list,use://app/src/main/java/org/schabi/newpipe/fragments/list/BaseListFragment.java//R.id.items_list
def://app/src/main/res/layout/fragment_search.xml//RelativeLayout/ProgressBar/android:id//@+id\/loading_progress_bar,use://app/src/main/java/org/schabi/newpipe/fragments/BaseStateFragment.java//R.id.loading_progress_bar
def://app/src/main/res/layout/fragment_search.xml//RelativeLayout/LinearLayout/android:id//@+id\/empty_state_view,use://app/src/main/java/org/schabi/newpipe/fragments/BaseStateFragment.java//R.id.empty_state_view
def://app/src/main/res/layout/list_comments_item.xml//RelativeLayout/android:id//@+id\/itemRoot,use://app/src/main/java/org/schabi/newpipe/player/playqueue/PlayQueueItemHolder.java//R.id.itemRoot
def://app/src/main/res/layout/list_comments_item.xml//RelativeLayout/de.hdodenhof.circleimageview.CircleImageView/android:id//@+id\/itemThumbnailView,use://app/src/main/java/org/schabi/newpipe/player/playqueue/PlayQueueItemHolder.java//R.id.itemThumbnailView
def://app/src/main/res/layout/list_comments_item.xml//RelativeLayout/TextView/android:id//@+id\/itemTitleView,use://app/src/main/java/org/schabi/newpipe/info_list/holder/CommentsInfoItemHolder.java//R.id.itemTitleView
def://app/src/main/res/layout/list_comments_item.xml//RelativeLayout/ImageView/android:id//@+id\/detail_heart_image_view,use://app/src/main/java/org/schabi/newpipe/info_list/holder/CommentsInfoItemHolder.java//R.id.detail_heart_image_view
def://app/src/main/res/layout/stream_quality_item.xml//RelativeLayout/ImageView/android:id//@+id\/wo_sound_icon,use://app/src/main/java/org/schabi/newpipe/util/StreamItemAdapter.java//R.id.wo_sound_icon
def://app/src/main/res/layout/stream_quality_item.xml//RelativeLayout/TextView/android:id//@+id\/stream_format_name,use://app/src/main/java/org/schabi/newpipe/util/StreamItemAdapter.java//R.id.stream_format_name
def://app/src/main/res/layout/stream_quality_item.xml//RelativeLayout/TextView/android:id//@+id\/stream_quality,use://app/src/main/java/org/schabi/newpipe/util/StreamItemAdapter.java//R.id.stream_quality
def://app/src/main/res/layout/stream_quality_item.xml//RelativeLayout/TextView/android:id//@+id\/stream_size,use://app/src/main/java/org/schabi/newpipe/util/StreamItemAdapter.java//R.id.stream_size
def://app/src/main/res/layout/dialog_playlists.xml//RelativeLayout/RelativeLayout/android:id//@+id\/newPlaylist,use://app/src/main/java/org/schabi/newpipe/local/dialog/PlaylistAppendDialog.java//R.id.newPlaylist
def://app/src/main/res/layout/dialog_playlists.xml//RelativeLayout/androidx.recyclerview.widget.RecyclerView/android:id//@+id\/playlist_list,use://app/src/main/java/org/schabi/newpipe/local/dialog/PlaylistAppendDialog.java//R.id.playlist_list
def://app/src/main/res/layout/list_playlist_mini_item.xml//RelativeLayout/android:id//@+id\/itemRoot,use://app/src/main/java/org/schabi/newpipe/player/playqueue/PlayQueueItemHolder.java//R.id.itemRoot
def://app/src/main/res/layout/list_playlist_mini_item.xml//RelativeLayout/ImageView/android:id//@+id\/itemThumbnailView,use://app/src/main/java/org/schabi/newpipe/player/playqueue/PlayQueueItemHolder.java//R.id.itemThumbnailView
def://app/src/main/res/layout/list_playlist_mini_item.xml//RelativeLayout/ImageView/android:id//@+id\/itemThumbnailView,use://app/src/main/java/org/schabi/newpipe/settings/SelectPlaylistFragment.java//R.id.itemThumbnailView
def://app/src/main/res/layout/list_playlist_mini_item.xml//RelativeLayout/ImageView/android:id//@+id\/itemThumbnailView,use://app/src/main/java/org/schabi/newpipe/local/holder/PlaylistItemHolder.java//R.id.itemThumbnailView
def://app/src/main/res/layout/list_playlist_mini_item.xml//RelativeLayout/ImageView/android:id//@+id\/itemThumbnailView,use://app/src/main/java/org/schabi/newpipe/info_list/holder/PlaylistMiniInfoItemHolder.java//R.id.itemThumbnailView
def://app/src/main/res/layout/list_playlist_mini_item.xml//RelativeLayout/TextView/android:id//@+id\/itemStreamCountView,use://app/src/main/java/org/schabi/newpipe/local/holder/PlaylistItemHolder.java//R.id.itemStreamCountView
def://app/src/main/res/layout/list_playlist_mini_item.xml//RelativeLayout/TextView/android:id//@+id\/itemStreamCountView,use://app/src/main/java/org/schabi/newpipe/info_list/holder/PlaylistMiniInfoItemHolder.java//R.id.itemStreamCountView
def://app/src/main/res/layout/list_playlist_mini_item.xml//RelativeLayout/TextView/android:id//@+id\/itemTitleView,use://app/src/main/java/org/schabi/newpipe/settings/SelectPlaylistFragment.java//R.id.itemTitleView
def://app/src/main/res/layout/list_playlist_mini_item.xml//RelativeLayout/TextView/android:id//@+id\/itemTitleView,use://app/src/main/java/org/schabi/newpipe/local/holder/PlaylistItemHolder.java//R.id.itemTitleView
def://app/src/main/res/layout/list_playlist_mini_item.xml//RelativeLayout/TextView/android:id//@+id\/itemTitleView,use://app/src/main/java/org/schabi/newpipe/info_list/holder/PlaylistMiniInfoItemHolder.java//R.id.itemTitleView
def://app/src/main/res/layout/list_playlist_mini_item.xml//RelativeLayout/TextView/android:id//@+id\/itemUploaderView,use://app/src/main/java/org/schabi/newpipe/local/holder/PlaylistItemHolder.java//R.id.itemUploaderView
def://app/src/main/res/layout/list_playlist_mini_item.xml//RelativeLayout/TextView/android:id//@+id\/itemUploaderView,use://app/src/main/java/org/schabi/newpipe/info_list/holder/PlaylistMiniInfoItemHolder.java//R.id.itemUploaderView
def://app/src/main/res/layout/list_stream_playlist_grid_item.xml//RelativeLayout/android:id//@+id\/itemRoot,use://app/src/main/java/org/schabi/newpipe/player/playqueue/PlayQueueItemHolder.java//R.id.itemRoot
def://app/src/main/res/layout/list_stream_playlist_grid_item.xml//RelativeLayout/ImageView/android:id//@+id\/itemThumbnailView,use://app/src/main/java/org/schabi/newpipe/player/playqueue/PlayQueueItemHolder.java//R.id.itemThumbnailView
def://app/src/main/res/layout/list_stream_playlist_grid_item.xml//RelativeLayout/TextView/android:id//@+id\/itemDurationView,use://app/src/main/java/org/schabi/newpipe/player/playqueue/PlayQueueItemHolder.java//R.id.itemDurationView
def://app/src/main/res/layout/list_stream_playlist_grid_item.xml//RelativeLayout/ImageView/android:id//@+id\/itemHandle,use://app/src/main/java/org/schabi/newpipe/player/playqueue/PlayQueueItemHolder.java//R.id.itemHandle
def://app/src/main/res/layout/list_stream_playlist_grid_item.xml//RelativeLayout/TextView/android:id//@+id\/itemVideoTitleView,use://app/src/main/java/org/schabi/newpipe/player/playqueue/PlayQueueItemHolder.java//R.id.itemVideoTitleView
def://app/src/main/res/layout/list_stream_playlist_grid_item.xml//RelativeLayout/TextView/android:id//@+id\/itemAdditionalDetails,use://app/src/main/java/org/schabi/newpipe/player/playqueue/PlayQueueItemHolder.java//R.id.itemAdditionalDetails
def://app/src/main/res/layout/fragment_import.xml//RelativeLayout/TextView/android:id//@+id\/info_text_view,use://app/src/main/java/org/schabi/newpipe/local/subscription/SubscriptionsImportFragment.java//R.id.info_text_view
def://app/src/main/res/layout/fragment_import.xml//RelativeLayout/LinearLayout/EditText/android:id//@+id\/input_text,use://app/src/main/java/org/schabi/newpipe/local/subscription/SubscriptionsImportFragment.java//R.id.input_text
def://app/src/main/res/layout/fragment_import.xml//RelativeLayout/LinearLayout/Button/android:id//@+id\/input_button,use://app/src/main/java/org/schabi/newpipe/local/subscription/SubscriptionsImportFragment.java//R.id.input_button
def://app/src/main/res/layout/select_kiosk_item.xml//RelativeLayout/ImageView/android:id//@+id\/itemThumbnailView,use://app/src/main/java/org/schabi/newpipe/player/playqueue/PlayQueueItemHolder.java//R.id.itemThumbnailView
def://app/src/main/res/layout/select_kiosk_item.xml//RelativeLayout/ImageView/android:id//@+id\/itemThumbnailView,use://app/src/main/java/org/schabi/newpipe/settings/SelectKioskFragment.java//R.id.itemThumbnailView
def://app/src/main/res/layout/select_kiosk_item.xml//RelativeLayout/TextView/android:id//@+id\/itemTitleView,use://app/src/main/java/org/schabi/newpipe/settings/SelectKioskFragment.java//R.id.itemTitleView
def://app/src/main/res/layout/list_stream_mini_item.xml//RelativeLayout/android:id//@+id\/itemRoot,use://app/src/main/java/org/schabi/newpipe/player/playqueue/PlayQueueItemHolder.java//R.id.itemRoot
def://app/src/main/res/layout/list_stream_mini_item.xml//RelativeLayout/ImageView/android:id//@+id\/itemThumbnailView,use://app/src/main/java/org/schabi/newpipe/player/playqueue/PlayQueueItemHolder.java//R.id.itemThumbnailView
def://app/src/main/res/layout/list_stream_mini_item.xml//RelativeLayout/ImageView/android:id//@+id\/itemThumbnailView,use://app/src/main/java/org/schabi/newpipe/info_list/holder/StreamMiniInfoItemHolder.java//R.id.itemThumbnailView
def://app/src/main/res/layout/list_stream_mini_item.xml//RelativeLayout/TextView/android:id//@+id\/itemDurationView,use://app/src/main/java/org/schabi/newpipe/player/playqueue/PlayQueueItemHolder.java//R.id.itemDurationView
def://app/src/main/res/layout/list_stream_mini_item.xml//RelativeLayout/TextView/android:id//@+id\/itemDurationView,use://app/src/main/java/org/schabi/newpipe/info_list/holder/StreamMiniInfoItemHolder.java//R.id.itemDurationView
def://app/src/main/res/layout/list_stream_mini_item.xml//RelativeLayout/TextView/android:id//@+id\/itemVideoTitleView,use://app/src/main/java/org/schabi/newpipe/player/playqueue/PlayQueueItemHolder.java//R.id.itemVideoTitleView
def://app/src/main/res/layout/list_stream_mini_item.xml//RelativeLayout/TextView/android:id//@+id\/itemVideoTitleView,use://app/src/main/java/org/schabi/newpipe/info_list/holder/StreamMiniInfoItemHolder.java//R.id.itemVideoTitleView
def://app/src/main/res/layout/list_stream_mini_item.xml//RelativeLayout/TextView/android:id//@+id\/itemUploaderView,use://app/src/main/java/org/schabi/newpipe/info_list/holder/StreamMiniInfoItemHolder.java//R.id.itemUploaderView
def://app/src/main/res/layout/list_stream_mini_item.xml//RelativeLayout/org.schabi.newpipe.views.AnimatedProgressBar/android:id//@+id\/itemProgressView,use://app/src/main/java/org/schabi/newpipe/info_list/holder/StreamMiniInfoItemHolder.java//R.id.itemProgressView
def://app/src/main/res/layout/list_comments_mini_item.xml//RelativeLayout/android:id//@+id\/itemRoot,use://app/src/main/java/org/schabi/newpipe/player/playqueue/PlayQueueItemHolder.java//R.id.itemRoot
def://app/src/main/res/layout/list_comments_mini_item.xml//RelativeLayout/android:id//@+id\/itemRoot,use://app/src/main/java/org/schabi/newpipe/info_list/holder/CommentsMiniInfoItemHolder.java//R.id.itemRoot
def://app/src/main/res/layout/list_comments_mini_item.xml//RelativeLayout/de.hdodenhof.circleimageview.CircleImageView/android:id//@+id\/itemThumbnailView,use://app/src/main/java/org/schabi/newpipe/player/playqueue/PlayQueueItemHolder.java//R.id.itemThumbnailView
def://app/src/main/res/layout/list_comments_mini_item.xml//RelativeLayout/de.hdodenhof.circleimageview.CircleImageView/android:id//@+id\/itemThumbnailView,use://app/src/main/java/org/schabi/newpipe/info_list/holder/CommentsMiniInfoItemHolder.java//R.id.itemThumbnailView
def://app/src/main/res/layout/list_comments_mini_item.xml//RelativeLayout/TextView/android:id//@+id\/itemCommentContentView,use://app/src/main/java/org/schabi/newpipe/info_list/holder/CommentsMiniInfoItemHolder.java//R.id.itemCommentContentView
def://app/src/main/res/layout/list_comments_mini_item.xml//RelativeLayout/TextView/android:id//@+id\/detail_thumbs_up_count_view,use://app/src/main/java/org/schabi/newpipe/info_list/holder/CommentsMiniInfoItemHolder.java//R.id.detail_thumbs_up_count_view
def://app/src/main/res/layout/list_comments_mini_item.xml//RelativeLayout/TextView/android:id//@+id\/itemPublishedTime,use://app/src/main/java/org/schabi/newpipe/info_list/holder/CommentsMiniInfoItemHolder.java//R.id.itemPublishedTime
def://app/src/main/res/layout/fragment_empty.xml//RelativeLayout/androidx.core.widget.NestedScrollView/include/android:id//@+id\/empty_state_view,use://app/src/main/java/org/schabi/newpipe/fragments/BaseStateFragment.java//R.id.empty_state_view
def://app/src/main/res/layout/fragment_empty.xml//RelativeLayout/androidx.core.widget.NestedScrollView/include/android:id//@+id\/empty_state_view,use://app/src/main/java/org/schabi/newpipe/fragments/EmptyFragment.java//R.id.empty_state_view
def://app/src/main/res/layout/fragment_bookmarks.xml//RelativeLayout/androidx.recyclerview.widget.RecyclerView/android:id//@+id\/items_list,use://app/src/main/java/org/schabi/newpipe/local/BaseLocalListFragment.java//R.id.items_list
def://app/src/main/res/layout/fragment_bookmarks.xml//RelativeLayout/androidx.recyclerview.widget.RecyclerView/android:id//@+id\/items_list,use://app/src/main/java/org/schabi/newpipe/fragments/list/BaseListFragment.java//R.id.items_list
def://app/src/main/res/layout/fragment_bookmarks.xml//RelativeLayout/include/android:id//@+id\/empty_state_view,use://app/src/main/java/org/schabi/newpipe/fragments/BaseStateFragment.java//R.id.empty_state_view
def://app/src/main/res/layout/settings_layout.xml//RelativeLayout/androidx.fragment.app.FragmentContainerView/android:id//@+id\/settings_fragment_holder,use://app/src/main/java/org/schabi/newpipe/settings/SettingsActivity.java//R.id.settings_fragment_holder
def://app/src/main/res/layout/activity_recaptcha.xml//RelativeLayout/androidx.appcompat.widget.Toolbar/android:id//@+id\/toolbar,use://app/src/main/java/us/shandian/giga/ui/common/ToolbarActivity.java//R.id.toolbar
def://app/src/main/res/layout/activity_recaptcha.xml//RelativeLayout/androidx.appcompat.widget.Toolbar/android:id//@+id\/toolbar,use://app/src/main/java/org/schabi/newpipe/fragments/detail/VideoDetailFragment.java//R.id.toolbar
def://app/src/main/res/layout/activity_main.xml//org.schabi.newpipe.views.FocusAwareDrawerLayout/org.schabi.newpipe.views.FocusAwareCoordinator/androidx.fragment.app.FragmentContainerView/android:id//@+id\/fragment_holder,use://app/src/main/java/org/schabi/newpipe/util/NavigationHelper.java//R.id.fragment_holder
def://app/src/main/res/layout/activity_main.xml//org.schabi.newpipe.views.FocusAwareDrawerLayout/org.schabi.newpipe.views.FocusAwareCoordinator/androidx.fragment.app.FragmentContainerView/android:id//@+id\/fragment_holder,use://app/src/main/java/org/schabi/newpipe/fragments/detail/VideoDetailFragment.java//R.id.fragment_holder
def://app/src/main/res/layout/activity_main.xml//org.schabi.newpipe.views.FocusAwareDrawerLayout/org.schabi.newpipe.views.FocusAwareCoordinator/androidx.fragment.app.FragmentContainerView/android:id//@+id\/fragment_player_holder,use://app/src/main/java/org/schabi/newpipe/util/NavigationHelper.java//R.id.fragment_player_holder
def://app/src/main/res/layout/activity_main.xml//org.schabi.newpipe.views.FocusAwareDrawerLayout/org.schabi.newpipe.views.FocusAwareCoordinator/androidx.fragment.app.FragmentContainerView/android:id//@+id\/fragment_player_holder,use://app/src/main/java/org/schabi/newpipe/fragments/detail/VideoDetailFragment.java//R.id.fragment_player_holder
def://app/src/main/res/layout/fragment_instance_list.xml//RelativeLayout/TextView/android:id//@+id\/instanceHelpTV,use://app/src/main/java/org/schabi/newpipe/settings/PeertubeInstanceListFragment.java//R.id.instanceHelpTV
def://app/src/main/res/layout/fragment_instance_list.xml//RelativeLayout/androidx.recyclerview.widget.RecyclerView/android:id//@+id\/instances,use://app/src/main/java/org/schabi/newpipe/settings/PeertubeInstanceListFragment.java//R.id.instances
def://app/src/main/res/layout/fragment_instance_list.xml//RelativeLayout/ProgressBar/android:id//@+id\/loading_progress_bar,use://app/src/main/java/org/schabi/newpipe/fragments/BaseStateFragment.java//R.id.loading_progress_bar
def://app/src/main/res/layout/fragment_instance_list.xml//RelativeLayout/ProgressBar/android:id//@+id\/loading_progress_bar,use://app/src/main/java/org/schabi/newpipe/settings/PeertubeInstanceListFragment.java//R.id.loading_progress_bar
def://app/src/main/res/layout/fragment_instance_list.xml//RelativeLayout/com.google.android.material.floatingactionbutton.FloatingActionButton/android:id//@+id\/addInstanceButton,use://app/src/main/java/org/schabi/newpipe/settings/PeertubeInstanceListFragment.java//R.id.addInstanceButton
def://app/src/main/res/layout/list_playlist_grid_item.xml//RelativeLayout/android:id//@+id\/itemRoot,use://app/src/main/java/org/schabi/newpipe/player/playqueue/PlayQueueItemHolder.java//R.id.itemRoot
def://app/src/main/res/layout/list_playlist_grid_item.xml//RelativeLayout/ImageView/android:id//@+id\/itemThumbnailView,use://app/src/main/java/org/schabi/newpipe/player/playqueue/PlayQueueItemHolder.java//R.id.itemThumbnailView
def://app/src/main/res/layout/fragment_choose_tabs.xml//androidx.constraintlayout.widget.ConstraintLayout/androidx.recyclerview.widget.RecyclerView/android:id//@+id\/selectedTabs,use://app/src/main/java/org/schabi/newpipe/settings/tabs/ChooseTabsFragment.java//R.id.selectedTabs
def://app/src/main/res/layout/fragment_choose_tabs.xml//androidx.constraintlayout.widget.ConstraintLayout/com.google.android.material.floatingactionbutton.FloatingActionButton/android:id//@+id\/addTabsButton,use://app/src/main/java/org/schabi/newpipe/settings/tabs/ChooseTabsFragment.java//R.id.addTabsButton
def://app/src/main/res/layout/select_channel_fragment.xml//LinearLayout/androidx.recyclerview.widget.RecyclerView/android:id//@+id\/items_list,use://app/src/main/java/org/schabi/newpipe/local/BaseLocalListFragment.java//R.id.items_list
def://app/src/main/res/layout/select_channel_fragment.xml//LinearLayout/androidx.recyclerview.widget.RecyclerView/android:id//@+id\/items_list,use://app/src/main/java/org/schabi/newpipe/fragments/list/BaseListFragment.java//R.id.items_list
def://app/src/main/res/layout/select_channel_fragment.xml//LinearLayout/androidx.recyclerview.widget.RecyclerView/android:id//@+id\/items_list,use://app/src/main/java/org/schabi/newpipe/settings/SelectChannelFragment.java//R.id.items_list
def://app/src/main/res/layout/select_channel_fragment.xml//LinearLayout/TextView/android:id//@+id\/empty_state_view,use://app/src/main/java/org/schabi/newpipe/fragments/BaseStateFragment.java//R.id.empty_state_view
def://app/src/main/res/layout/select_channel_fragment.xml//LinearLayout/TextView/android:id//@+id\/empty_state_view,use://app/src/main/java/org/schabi/newpipe/settings/SelectChannelFragment.java//R.id.empty_state_view
def://app/src/main/res/layout/select_channel_fragment.xml//LinearLayout/ProgressBar/android:id//@+id\/progressBar,use://app/src/main/java/org/schabi/newpipe/settings/SelectChannelFragment.java//R.id.progressBar
def://app/src/main/res/layout/player.xml//RelativeLayout/RelativeLayout/android:id//@+id\/playbackControlRoot,use://app/src/main/java/org/schabi/newpipe/views/FocusAwareCoordinator.java//R.id.playbackControlRoot
def://app/src/main/res/layout/player.xml//RelativeLayout/RelativeLayout/android:id//@+id\/playbackControlRoot,use://app/src/main/java/org/schabi/newpipe/player/event/CustomBottomSheetBehavior.java//R.id.playbackControlRoot
def://app/src/main/res/layout/player.xml//RelativeLayout/RelativeLayout/RelativeLayout/LinearLayout/LinearLayout/LinearLayout/android:id//@+id\/metadataView,use://app/src/main/java/org/schabi/newpipe/player/Player.java//R.id.metadataView
def://app/src/main/res/layout/player.xml//RelativeLayout/RelativeLayout/RelativeLayout/LinearLayout/android:id//@+id\/bottomControls,use://app/src/main/java/org/schabi/newpipe/player/event/CustomBottomSheetBehavior.java//R.id.bottomControls
def://app/src/main/res/layout/player.xml//RelativeLayout/RelativeLayout/RelativeLayout/LinearLayout/android:id//@+id\/bottomControls,use://app/src/main/java/org/schabi/newpipe/player/event/CustomBottomSheetBehavior.java//R.id.bottomControls
def://app/src/main/res/layout/player.xml//RelativeLayout/RelativeLayout/RelativeLayout/LinearLayout/org.schabi.newpipe.views.FocusAwareSeekBar/android:id//@+id\/playbackSeekBar,use://app/src/main/java/com/google/android/material/appbar/FlingBehavior.java//R.id.playbackSeekBar
def://app/src/main/res/layout/player.xml//RelativeLayout/RelativeLayout/LinearLayout/androidx.appcompat.widget.AppCompatImageButton/android:id//@+id\/playPreviousButton,use://app/src/main/java/org/schabi/newpipe/player/event/CustomBottomSheetBehavior.java//R.id.playPreviousButton
def://app/src/main/res/layout/player.xml//RelativeLayout/RelativeLayout/LinearLayout/androidx.appcompat.widget.AppCompatImageButton/android:id//@+id\/playPreviousButton,use://app/src/main/java/com/google/android/material/appbar/FlingBehavior.java//R.id.playPreviousButton
def://app/src/main/res/layout/player.xml//RelativeLayout/RelativeLayout/LinearLayout/androidx.appcompat.widget.AppCompatImageButton/android:id//@+id\/playPauseButton,use://app/src/main/java/org/schabi/newpipe/player/event/CustomBottomSheetBehavior.java//R.id.playPauseButton
def://app/src/main/res/layout/player.xml//RelativeLayout/RelativeLayout/LinearLayout/androidx.appcompat.widget.AppCompatImageButton/android:id//@+id\/playPauseButton,use://app/src/main/java/com/google/android/material/appbar/FlingBehavior.java//R.id.playPauseButton
def://app/src/main/res/layout/player.xml//RelativeLayout/RelativeLayout/LinearLayout/androidx.appcompat.widget.AppCompatImageButton/android:id//@+id\/playNextButton,use://app/src/main/java/org/schabi/newpipe/player/event/CustomBottomSheetBehavior.java//R.id.playNextButton
def://app/src/main/res/layout/player.xml//RelativeLayout/RelativeLayout/LinearLayout/androidx.appcompat.widget.AppCompatImageButton/android:id//@+id\/playNextButton,use://app/src/main/java/com/google/android/material/appbar/FlingBehavior.java//R.id.playNextButton
def://app/src/main/res/layout/player.xml//RelativeLayout/RelativeLayout/android:id//@+id\/itemsListPanel,use://app/src/main/java/org/schabi/newpipe/player/event/CustomBottomSheetBehavior.java//R.id.itemsListPanel
def://app/src/main/res/layout/player.xml//RelativeLayout/RelativeLayout/android:id//@+id\/itemsListPanel,use://app/src/main/java/com/google/android/material/appbar/FlingBehavior.java//R.id.itemsListPanel
def://app/src/main/res/layout/fragment_video_detail.xml//FrameLayout/androidx.coordinatorlayout.widget.CoordinatorLayout/com.google.android.material.appbar.AppBarLayout/org.schabi.newpipe.views.CustomCollapsingToolbarLayout/FrameLayout/android:id//@+id\/detail_thumbnail_root_layout,use://app/src/main/java/org/schabi/newpipe/fragments/detail/VideoDetailFragment.java//R.id.detail_thumbnail_root_layout
def://app/src/main/res/layout/fragment_video_detail.xml//FrameLayout/androidx.coordinatorlayout.widget.CoordinatorLayout/com.google.android.material.appbar.AppBarLayout/RelativeLayout/android:id//@+id\/detail_content_root_layout,use://app/src/main/java/org/schabi/newpipe/player/event/CustomBottomSheetBehavior.java//R.id.detail_content_root_layout
def://app/src/main/res/layout/fragment_video_detail.xml//FrameLayout/androidx.coordinatorlayout.widget.CoordinatorLayout/com.google.android.material.appbar.AppBarLayout/RelativeLayout/FrameLayout/android:id//@+id\/detail_title_root_layout,use://app/src/main/java/org/schabi/newpipe/fragments/detail/VideoDetailFragment.java//R.id.detail_title_root_layout
def://app/src/main/res/layout/fragment_video_detail.xml//FrameLayout/androidx.coordinatorlayout.widget.CoordinatorLayout/com.google.android.material.appbar.AppBarLayout/RelativeLayout/FrameLayout/android:id//@+id\/detail_title_root_layout,use://app/src/main/java/org/schabi/newpipe/fragments/detail/VideoDetailFragment.java//R.id.detail_title_root_layout
def://app/src/main/res/layout/fragment_video_detail.xml//FrameLayout/androidx.coordinatorlayout.widget.CoordinatorLayout/com.google.android.material.appbar.AppBarLayout/RelativeLayout/ProgressBar/android:id//@+id\/loading_progress_bar,use://app/src/main/java/org/schabi/newpipe/fragments/BaseStateFragment.java//R.id.loading_progress_bar
def://app/src/main/res/layout/fragment_video_detail.xml//FrameLayout/androidx.coordinatorlayout.widget.CoordinatorLayout/com.google.android.material.appbar.AppBarLayout/RelativeLayout/LinearLayout/RelativeLayout/LinearLayout/android:id//@+id\/detail_uploader_root_layout,use://app/src/main/java/org/schabi/newpipe/fragments/detail/VideoDetailFragment.java//R.id.detail_uploader_root_layout
def://app/src/main/res/layout/fragment_video_detail.xml//FrameLayout/androidx.coordinatorlayout.widget.CoordinatorLayout/com.google.android.material.appbar.AppBarLayout/RelativeLayout/LinearLayout/RelativeLayout/LinearLayout/android:id//@+id\/detail_uploader_root_layout,use://app/src/main/java/org/schabi/newpipe/fragments/detail/VideoDetailFragment.java//R.id.detail_uploader_root_layout
def://app/src/main/res/layout/fragment_video_detail.xml//FrameLayout/androidx.coordinatorlayout.widget.CoordinatorLayout/com.google.android.material.appbar.AppBarLayout/RelativeLayout/LinearLayout/LinearLayout/TextView/android:id//@+id\/detail_controls_playlist_append,use://app/src/main/java/org/schabi/newpipe/fragments/detail/VideoDetailFragment.java//R.id.detail_controls_playlist_append
def://app/src/main/res/layout/fragment_video_detail.xml//FrameLayout/androidx.coordinatorlayout.widget.CoordinatorLayout/com.google.android.material.appbar.AppBarLayout/RelativeLayout/LinearLayout/LinearLayout/TextView/android:id//@+id\/detail_controls_background,use://app/src/main/java/org/schabi/newpipe/fragments/detail/VideoDetailFragment.java//R.id.detail_controls_background
def://app/src/main/res/layout/fragment_video_detail.xml//FrameLayout/androidx.coordinatorlayout.widget.CoordinatorLayout/com.google.android.material.appbar.AppBarLayout/RelativeLayout/LinearLayout/LinearLayout/TextView/android:id//@+id\/detail_controls_popup,use://app/src/main/java/org/schabi/newpipe/fragments/detail/VideoDetailFragment.java//R.id.detail_controls_popup
def://app/src/main/res/layout/fragment_video_detail.xml//FrameLayout/androidx.coordinatorlayout.widget.CoordinatorLayout/com.google.android.material.appbar.AppBarLayout/RelativeLayout/LinearLayout/LinearLayout/TextView/android:id//@+id\/detail_controls_popup,use://app/src/main/java/org/schabi/newpipe/fragments/detail/VideoDetailFragment.java//R.id.detail_controls_popup
def://app/src/main/res/layout/fragment_video_detail.xml//FrameLayout/androidx.coordinatorlayout.widget.CoordinatorLayout/com.google.android.material.appbar.AppBarLayout/RelativeLayout/LinearLayout/LinearLayout/TextView/android:id//@+id\/detail_controls_download,use://app/src/main/java/org/schabi/newpipe/fragments/detail/VideoDetailFragment.java//R.id.detail_controls_download
def://app/src/main/res/layout/fragment_video_detail.xml//FrameLayout/androidx.coordinatorlayout.widget.CoordinatorLayout/com.google.android.material.appbar.AppBarLayout/RelativeLayout/LinearLayout/LinearLayout/TextView/android:id//@+id\/detail_controls_download,use://app/src/main/java/org/schabi/newpipe/fragments/detail/VideoDetailFragment.java//R.id.detail_controls_download
def://app/src/main/res/layout/fragment_video_detail.xml//FrameLayout/androidx.coordinatorlayout.widget.CoordinatorLayout/com.google.android.material.appbar.AppBarLayout/RelativeLayout/LinearLayout/LinearLayout/TextView/android:id//@+id\/detail_controls_share,use://app/src/main/java/org/schabi/newpipe/fragments/detail/VideoDetailFragment.java//R.id.detail_controls_share
def://app/src/main/res/layout/fragment_video_detail.xml//FrameLayout/androidx.coordinatorlayout.widget.CoordinatorLayout/com.google.android.material.appbar.AppBarLayout/RelativeLayout/LinearLayout/LinearLayout/TextView/android:id//@+id\/detail_controls_open_in_browser,use://app/src/main/java/org/schabi/newpipe/fragments/detail/VideoDetailFragment.java//R.id.detail_controls_open_in_browser
def://app/src/main/res/layout/fragment_video_detail.xml//FrameLayout/androidx.coordinatorlayout.widget.CoordinatorLayout/com.google.android.material.appbar.AppBarLayout/RelativeLayout/LinearLayout/LinearLayout/TextView/android:id//@+id\/detail_controls_play_with_kodi,use://app/src/main/java/org/schabi/newpipe/fragments/detail/VideoDetailFragment.java//R.id.detail_controls_play_with_kodi
def://app/src/main/res/layout/fragment_video_detail.xml//FrameLayout/androidx.coordinatorlayout.widget.CoordinatorLayout/androidx.viewpager.widget.ViewPager/android:id//@+id\/view_pager,use://app/src/main/java/org/schabi/newpipe/player/event/CustomBottomSheetBehavior.java//R.id.view_pager
def://app/src/main/res/layout/fragment_video_detail.xml//FrameLayout/androidx.coordinatorlayout.widget.CoordinatorLayout/com.google.android.material.tabs.TabLayout/android:id//@+id\/tab_layout,use://app/src/main/java/org/schabi/newpipe/player/event/CustomBottomSheetBehavior.java//R.id.tab_layout
def://app/src/main/res/layout/fragment_video_detail.xml//FrameLayout/RelativeLayout/ImageButton/android:id//@+id\/overlay_thumbnail,use://app/src/main/java/org/schabi/newpipe/fragments/detail/VideoDetailFragment.java//R.id.overlay_thumbnail
def://app/src/main/res/layout/fragment_video_detail.xml//FrameLayout/RelativeLayout/ImageButton/android:id//@+id\/overlay_thumbnail,use://app/src/main/java/org/schabi/newpipe/fragments/detail/VideoDetailFragment.java//R.id.overlay_thumbnail
def://app/src/main/res/layout/fragment_video_detail.xml//FrameLayout/RelativeLayout/LinearLayout/android:id//@+id\/overlay_metadata_layout,use://app/src/main/java/org/schabi/newpipe/fragments/detail/VideoDetailFragment.java//R.id.overlay_metadata_layout
def://app/src/main/res/layout/fragment_video_detail.xml//FrameLayout/RelativeLayout/LinearLayout/android:id//@+id\/overlay_metadata_layout,use://app/src/main/java/org/schabi/newpipe/fragments/detail/VideoDetailFragment.java//R.id.overlay_metadata_layout
def://app/src/main/res/layout/fragment_video_detail.xml//FrameLayout/RelativeLayout/LinearLayout/android:id//@+id\/overlay_buttons_layout,use://app/src/main/java/org/schabi/newpipe/fragments/detail/VideoDetailFragment.java//R.id.overlay_buttons_layout
def://app/src/main/res/layout/fragment_video_detail.xml//FrameLayout/RelativeLayout/LinearLayout/ImageButton/android:id//@+id\/overlay_play_pause_button,use://app/src/main/java/org/schabi/newpipe/fragments/detail/VideoDetailFragment.java//R.id.overlay_play_pause_button
def://app/src/main/res/layout/fragment_video_detail.xml//FrameLayout/RelativeLayout/LinearLayout/ImageButton/android:id//@+id\/overlay_close_button,use://app/src/main/java/org/schabi/newpipe/fragments/detail/VideoDetailFragment.java//R.id.overlay_close_button
def://app/src/main/res/layout/dialog_playback_parameter.xml//ScrollView/RelativeLayout/RelativeLayout/TextView/android:id//@+id\/tempoStepDown,use://app/src/main/java/org/schabi/newpipe/player/helper/PlaybackParameterDialog.java//R.id.tempoStepDown
def://app/src/main/res/layout/dialog_playback_parameter.xml//ScrollView/RelativeLayout/RelativeLayout/RelativeLayout/TextView/android:id//@+id\/tempoMinimumText,use://app/src/main/java/org/schabi/newpipe/player/helper/PlaybackParameterDialog.java//R.id.tempoMinimumText
def://app/src/main/res/layout/dialog_playback_parameter.xml//ScrollView/RelativeLayout/RelativeLayout/RelativeLayout/TextView/android:id//@+id\/tempoCurrentText,use://app/src/main/java/org/schabi/newpipe/player/helper/PlaybackParameterDialog.java//R.id.tempoCurrentText
def://app/src/main/res/layout/dialog_playback_parameter.xml//ScrollView/RelativeLayout/RelativeLayout/RelativeLayout/TextView/android:id//@+id\/tempoMaximumText,use://app/src/main/java/org/schabi/newpipe/player/helper/PlaybackParameterDialog.java//R.id.tempoMaximumText
def://app/src/main/res/layout/dialog_playback_parameter.xml//ScrollView/RelativeLayout/RelativeLayout/RelativeLayout/androidx.appcompat.widget.AppCompatSeekBar/android:id//@+id\/tempoSeekbar,use://app/src/main/java/org/schabi/newpipe/player/helper/PlaybackParameterDialog.java//R.id.tempoSeekbar
def://app/src/main/res/layout/dialog_playback_parameter.xml//ScrollView/RelativeLayout/RelativeLayout/TextView/android:id//@+id\/tempoStepUp,use://app/src/main/java/org/schabi/newpipe/player/helper/PlaybackParameterDialog.java//R.id.tempoStepUp
def://app/src/main/res/layout/dialog_playback_parameter.xml//ScrollView/RelativeLayout/RelativeLayout/TextView/android:id//@+id\/pitchStepDown,use://app/src/main/java/org/schabi/newpipe/player/helper/PlaybackParameterDialog.java//R.id.pitchStepDown
def://app/src/main/res/layout/dialog_playback_parameter.xml//ScrollView/RelativeLayout/RelativeLayout/RelativeLayout/TextView/android:id//@+id\/pitchMinimumText,use://app/src/main/java/org/schabi/newpipe/player/helper/PlaybackParameterDialog.java//R.id.pitchMinimumText
def://app/src/main/res/layout/dialog_playback_parameter.xml//ScrollView/RelativeLayout/RelativeLayout/RelativeLayout/TextView/android:id//@+id\/pitchCurrentText,use://app/src/main/java/org/schabi/newpipe/player/helper/PlaybackParameterDialog.java//R.id.pitchCurrentText
def://app/src/main/res/layout/dialog_playback_parameter.xml//ScrollView/RelativeLayout/RelativeLayout/RelativeLayout/TextView/android:id//@+id\/pitchMaximumText,use://app/src/main/java/org/schabi/newpipe/player/helper/PlaybackParameterDialog.java//R.id.pitchMaximumText
def://app/src/main/res/layout/dialog_playback_parameter.xml//ScrollView/RelativeLayout/RelativeLayout/RelativeLayout/androidx.appcompat.widget.AppCompatSeekBar/android:id//@+id\/pitchSeekbar,use://app/src/main/java/org/schabi/newpipe/player/helper/PlaybackParameterDialog.java//R.id.pitchSeekbar
def://app/src/main/res/layout/dialog_playback_parameter.xml//ScrollView/RelativeLayout/RelativeLayout/TextView/android:id//@+id\/pitchStepUp,use://app/src/main/java/org/schabi/newpipe/player/helper/PlaybackParameterDialog.java//R.id.pitchStepUp
def://app/src/main/res/layout/dialog_playback_parameter.xml//ScrollView/RelativeLayout/LinearLayout/TextView/android:id//@+id\/stepSizeOnePercent,use://app/src/main/java/org/schabi/newpipe/player/helper/PlaybackParameterDialog.java//R.id.stepSizeOnePercent
def://app/src/main/res/layout/dialog_playback_parameter.xml//ScrollView/RelativeLayout/LinearLayout/TextView/android:id//@+id\/stepSizeFivePercent,use://app/src/main/java/org/schabi/newpipe/player/helper/PlaybackParameterDialog.java//R.id.stepSizeFivePercent
def://app/src/main/res/layout/dialog_playback_parameter.xml//ScrollView/RelativeLayout/LinearLayout/TextView/android:id//@+id\/stepSizeTenPercent,use://app/src/main/java/org/schabi/newpipe/player/helper/PlaybackParameterDialog.java//R.id.stepSizeTenPercent
def://app/src/main/res/layout/dialog_playback_parameter.xml//ScrollView/RelativeLayout/LinearLayout/TextView/android:id//@+id\/stepSizeTwentyFivePercent,use://app/src/main/java/org/schabi/newpipe/player/helper/PlaybackParameterDialog.java//R.id.stepSizeTwentyFivePercent
def://app/src/main/res/layout/dialog_playback_parameter.xml//ScrollView/RelativeLayout/LinearLayout/TextView/android:id//@+id\/stepSizeOneHundredPercent,use://app/src/main/java/org/schabi/newpipe/player/helper/PlaybackParameterDialog.java//R.id.stepSizeOneHundredPercent
def://app/src/main/res/layout/dialog_playback_parameter.xml//ScrollView/RelativeLayout/CheckBox/android:id//@+id\/unhookCheckbox,use://app/src/main/java/org/schabi/newpipe/player/helper/PlaybackParameterDialog.java//R.id.unhookCheckbox
def://app/src/main/res/layout/dialog_playback_parameter.xml//ScrollView/RelativeLayout/CheckBox/android:id//@+id\/skipSilenceCheckbox,use://app/src/main/java/org/schabi/newpipe/player/helper/PlaybackParameterDialog.java//R.id.skipSilenceCheckbox
def://app/src/main/res/layout-large-land/player.xml//RelativeLayout/RelativeLayout/android:id//@+id\/playbackControlRoot,use://app/src/main/java/org/schabi/newpipe/views/FocusAwareCoordinator.java//R.id.playbackControlRoot
def://app/src/main/res/layout-large-land/player.xml//RelativeLayout/RelativeLayout/android:id//@+id\/playbackControlRoot,use://app/src/main/java/org/schabi/newpipe/player/event/CustomBottomSheetBehavior.java//R.id.playbackControlRoot
def://app/src/main/res/layout-large-land/player.xml//RelativeLayout/RelativeLayout/RelativeLayout/LinearLayout/LinearLayout/LinearLayout/android:id//@+id\/metadataView,use://app/src/main/java/org/schabi/newpipe/player/Player.java//R.id.metadataView
def://app/src/main/res/layout-large-land/player.xml//RelativeLayout/RelativeLayout/RelativeLayout/LinearLayout/android:id//@+id\/bottomControls,use://app/src/main/java/org/schabi/newpipe/player/event/CustomBottomSheetBehavior.java//R.id.bottomControls
def://app/src/main/res/layout-large-land/player.xml//RelativeLayout/RelativeLayout/RelativeLayout/LinearLayout/android:id//@+id\/bottomControls,use://app/src/main/java/org/schabi/newpipe/player/event/CustomBottomSheetBehavior.java//R.id.bottomControls
def://app/src/main/res/layout-large-land/player.xml//RelativeLayout/RelativeLayout/RelativeLayout/LinearLayout/org.schabi.newpipe.views.FocusAwareSeekBar/android:id//@+id\/playbackSeekBar,use://app/src/main/java/com/google/android/material/appbar/FlingBehavior.java//R.id.playbackSeekBar
def://app/src/main/res/layout-large-land/player.xml//RelativeLayout/RelativeLayout/LinearLayout/androidx.appcompat.widget.AppCompatImageButton/android:id//@+id\/playPreviousButton,use://app/src/main/java/org/schabi/newpipe/player/event/CustomBottomSheetBehavior.java//R.id.playPreviousButton
def://app/src/main/res/layout-large-land/player.xml//RelativeLayout/RelativeLayout/LinearLayout/androidx.appcompat.widget.AppCompatImageButton/android:id//@+id\/playPreviousButton,use://app/src/main/java/com/google/android/material/appbar/FlingBehavior.java//R.id.playPreviousButton
def://app/src/main/res/layout-large-land/player.xml//RelativeLayout/RelativeLayout/LinearLayout/androidx.appcompat.widget.AppCompatImageButton/android:id//@+id\/playPauseButton,use://app/src/main/java/org/schabi/newpipe/player/event/CustomBottomSheetBehavior.java//R.id.playPauseButton
def://app/src/main/res/layout-large-land/player.xml//RelativeLayout/RelativeLayout/LinearLayout/androidx.appcompat.widget.AppCompatImageButton/android:id//@+id\/playPauseButton,use://app/src/main/java/com/google/android/material/appbar/FlingBehavior.java//R.id.playPauseButton
def://app/src/main/res/layout-large-land/player.xml//RelativeLayout/RelativeLayout/LinearLayout/androidx.appcompat.widget.AppCompatImageButton/android:id//@+id\/playNextButton,use://app/src/main/java/org/schabi/newpipe/player/event/CustomBottomSheetBehavior.java//R.id.playNextButton
def://app/src/main/res/layout-large-land/player.xml//RelativeLayout/RelativeLayout/LinearLayout/androidx.appcompat.widget.AppCompatImageButton/android:id//@+id\/playNextButton,use://app/src/main/java/com/google/android/material/appbar/FlingBehavior.java//R.id.playNextButton
def://app/src/main/res/layout-large-land/player.xml//RelativeLayout/RelativeLayout/android:id//@+id\/itemsListPanel,use://app/src/main/java/org/schabi/newpipe/player/event/CustomBottomSheetBehavior.java//R.id.itemsListPanel
def://app/src/main/res/layout-large-land/player.xml//RelativeLayout/RelativeLayout/android:id//@+id\/itemsListPanel,use://app/src/main/java/com/google/android/material/appbar/FlingBehavior.java//R.id.itemsListPanel
def://app/src/main/res/layout-large-land/fragment_video_detail.xml//FrameLayout/LinearLayout/org.schabi.newpipe.views.FocusAwareCoordinator/com.google.android.material.appbar.AppBarLayout/org.schabi.newpipe.views.CustomCollapsingToolbarLayout/FrameLayout/android:id//@+id\/detail_thumbnail_root_layout,use://app/src/main/java/org/schabi/newpipe/fragments/detail/VideoDetailFragment.java//R.id.detail_thumbnail_root_layout
def://app/src/main/res/layout-large-land/fragment_video_detail.xml//FrameLayout/LinearLayout/org.schabi.newpipe.views.FocusAwareCoordinator/com.google.android.material.appbar.AppBarLayout/RelativeLayout/android:id//@+id\/detail_content_root_layout,use://app/src/main/java/org/schabi/newpipe/player/event/CustomBottomSheetBehavior.java//R.id.detail_content_root_layout
def://app/src/main/res/layout-large-land/fragment_video_detail.xml//FrameLayout/LinearLayout/org.schabi.newpipe.views.FocusAwareCoordinator/com.google.android.material.appbar.AppBarLayout/RelativeLayout/FrameLayout/android:id//@+id\/detail_title_root_layout,use://app/src/main/java/org/schabi/newpipe/fragments/detail/VideoDetailFragment.java//R.id.detail_title_root_layout
def://app/src/main/res/layout-large-land/fragment_video_detail.xml//FrameLayout/LinearLayout/org.schabi.newpipe.views.FocusAwareCoordinator/com.google.android.material.appbar.AppBarLayout/RelativeLayout/FrameLayout/android:id//@+id\/detail_title_root_layout,use://app/src/main/java/org/schabi/newpipe/fragments/detail/VideoDetailFragment.java//R.id.detail_title_root_layout
def://app/src/main/res/layout-large-land/fragment_video_detail.xml//FrameLayout/LinearLayout/org.schabi.newpipe.views.FocusAwareCoordinator/com.google.android.material.appbar.AppBarLayout/RelativeLayout/ProgressBar/android:id//@+id\/loading_progress_bar,use://app/src/main/java/org/schabi/newpipe/fragments/BaseStateFragment.java//R.id.loading_progress_bar
def://app/src/main/res/layout-large-land/fragment_video_detail.xml//FrameLayout/LinearLayout/org.schabi.newpipe.views.FocusAwareCoordinator/com.google.android.material.appbar.AppBarLayout/RelativeLayout/LinearLayout/RelativeLayout/LinearLayout/android:id//@+id\/detail_uploader_root_layout,use://app/src/main/java/org/schabi/newpipe/fragments/detail/VideoDetailFragment.java//R.id.detail_uploader_root_layout
def://app/src/main/res/layout-large-land/fragment_video_detail.xml//FrameLayout/LinearLayout/org.schabi.newpipe.views.FocusAwareCoordinator/com.google.android.material.appbar.AppBarLayout/RelativeLayout/LinearLayout/RelativeLayout/LinearLayout/android:id//@+id\/detail_uploader_root_layout,use://app/src/main/java/org/schabi/newpipe/fragments/detail/VideoDetailFragment.java//R.id.detail_uploader_root_layout
def://app/src/main/res/layout-large-land/fragment_video_detail.xml//FrameLayout/LinearLayout/org.schabi.newpipe.views.FocusAwareCoordinator/com.google.android.material.appbar.AppBarLayout/RelativeLayout/LinearLayout/LinearLayout/TextView/android:id//@+id\/detail_controls_playlist_append,use://app/src/main/java/org/schabi/newpipe/fragments/detail/VideoDetailFragment.java//R.id.detail_controls_playlist_append
def://app/src/main/res/layout-large-land/fragment_video_detail.xml//FrameLayout/LinearLayout/org.schabi.newpipe.views.FocusAwareCoordinator/com.google.android.material.appbar.AppBarLayout/RelativeLayout/LinearLayout/LinearLayout/TextView/android:id//@+id\/detail_controls_background,use://app/src/main/java/org/schabi/newpipe/fragments/detail/VideoDetailFragment.java//R.id.detail_controls_background
def://app/src/main/res/layout-large-land/fragment_video_detail.xml//FrameLayout/LinearLayout/org.schabi.newpipe.views.FocusAwareCoordinator/com.google.android.material.appbar.AppBarLayout/RelativeLayout/LinearLayout/LinearLayout/TextView/android:id//@+id\/detail_controls_popup,use://app/src/main/java/org/schabi/newpipe/fragments/detail/VideoDetailFragment.java//R.id.detail_controls_popup
def://app/src/main/res/layout-large-land/fragment_video_detail.xml//FrameLayout/LinearLayout/org.schabi.newpipe.views.FocusAwareCoordinator/com.google.android.material.appbar.AppBarLayout/RelativeLayout/LinearLayout/LinearLayout/TextView/android:id//@+id\/detail_controls_popup,use://app/src/main/java/org/schabi/newpipe/fragments/detail/VideoDetailFragment.java//R.id.detail_controls_popup
def://app/src/main/res/layout-large-land/fragment_video_detail.xml//FrameLayout/LinearLayout/org.schabi.newpipe.views.FocusAwareCoordinator/com.google.android.material.appbar.AppBarLayout/RelativeLayout/LinearLayout/LinearLayout/TextView/android:id//@+id\/detail_controls_download,use://app/src/main/java/org/schabi/newpipe/fragments/detail/VideoDetailFragment.java//R.id.detail_controls_download
def://app/src/main/res/layout-large-land/fragment_video_detail.xml//FrameLayout/LinearLayout/org.schabi.newpipe.views.FocusAwareCoordinator/com.google.android.material.appbar.AppBarLayout/RelativeLayout/LinearLayout/LinearLayout/TextView/android:id//@+id\/detail_controls_download,use://app/src/main/java/org/schabi/newpipe/fragments/detail/VideoDetailFragment.java//R.id.detail_controls_download
def://app/src/main/res/layout-large-land/fragment_video_detail.xml//FrameLayout/LinearLayout/org.schabi.newpipe.views.FocusAwareCoordinator/com.google.android.material.appbar.AppBarLayout/RelativeLayout/LinearLayout/LinearLayout/TextView/android:id//@+id\/detail_controls_share,use://app/src/main/java/org/schabi/newpipe/fragments/detail/VideoDetailFragment.java//R.id.detail_controls_share
def://app/src/main/res/layout-large-land/fragment_video_detail.xml//FrameLayout/LinearLayout/org.schabi.newpipe.views.FocusAwareCoordinator/com.google.android.material.appbar.AppBarLayout/RelativeLayout/LinearLayout/LinearLayout/TextView/android:id//@+id\/detail_controls_open_in_browser,use://app/src/main/java/org/schabi/newpipe/fragments/detail/VideoDetailFragment.java//R.id.detail_controls_open_in_browser
def://app/src/main/res/layout-large-land/fragment_video_detail.xml//FrameLayout/LinearLayout/org.schabi.newpipe.views.FocusAwareCoordinator/com.google.android.material.appbar.AppBarLayout/RelativeLayout/LinearLayout/LinearLayout/TextView/android:id//@+id\/detail_controls_play_with_kodi,use://app/src/main/java/org/schabi/newpipe/fragments/detail/VideoDetailFragment.java//R.id.detail_controls_play_with_kodi
def://app/src/main/res/layout-large-land/fragment_video_detail.xml//FrameLayout/LinearLayout/org.schabi.newpipe.views.FocusAwareCoordinator/androidx.viewpager.widget.ViewPager/android:id//@+id\/view_pager,use://app/src/main/java/org/schabi/newpipe/player/event/CustomBottomSheetBehavior.java//R.id.view_pager
def://app/src/main/res/layout-large-land/fragment_video_detail.xml//FrameLayout/LinearLayout/org.schabi.newpipe.views.FocusAwareCoordinator/com.google.android.material.tabs.TabLayout/android:id//@+id\/tab_layout,use://app/src/main/java/org/schabi/newpipe/player/event/CustomBottomSheetBehavior.java//R.id.tab_layout
def://app/src/main/res/layout-large-land/fragment_video_detail.xml//FrameLayout/LinearLayout/androidx.fragment.app.FragmentContainerView/android:id//@+id\/relatedItemsLayout,use://app/src/main/java/org/schabi/newpipe/fragments/detail/VideoDetailFragment.java//R.id.relatedItemsLayout
def://app/src/main/res/layout-large-land/fragment_video_detail.xml//FrameLayout/LinearLayout/androidx.fragment.app.FragmentContainerView/android:id//@+id\/relatedItemsLayout,use://app/src/main/java/org/schabi/newpipe/player/event/CustomBottomSheetBehavior.java//R.id.relatedItemsLayout
def://app/src/main/res/layout-large-land/fragment_video_detail.xml//FrameLayout/RelativeLayout/ImageButton/android:id//@+id\/overlay_thumbnail,use://app/src/main/java/org/schabi/newpipe/fragments/detail/VideoDetailFragment.java//R.id.overlay_thumbnail
def://app/src/main/res/layout-large-land/fragment_video_detail.xml//FrameLayout/RelativeLayout/ImageButton/android:id//@+id\/overlay_thumbnail,use://app/src/main/java/org/schabi/newpipe/fragments/detail/VideoDetailFragment.java//R.id.overlay_thumbnail
def://app/src/main/res/layout-large-land/fragment_video_detail.xml//FrameLayout/RelativeLayout/LinearLayout/android:id//@+id\/overlay_metadata_layout,use://app/src/main/java/org/schabi/newpipe/fragments/detail/VideoDetailFragment.java//R.id.overlay_metadata_layout
def://app/src/main/res/layout-large-land/fragment_video_detail.xml//FrameLayout/RelativeLayout/LinearLayout/android:id//@+id\/overlay_metadata_layout,use://app/src/main/java/org/schabi/newpipe/fragments/detail/VideoDetailFragment.java//R.id.overlay_metadata_layout
def://app/src/main/res/layout-large-land/fragment_video_detail.xml//FrameLayout/RelativeLayout/LinearLayout/android:id//@+id\/overlay_buttons_layout,use://app/src/main/java/org/schabi/newpipe/fragments/detail/VideoDetailFragment.java//R.id.overlay_buttons_layout
def://app/src/main/res/layout-large-land/fragment_video_detail.xml//FrameLayout/RelativeLayout/LinearLayout/ImageButton/android:id//@+id\/overlay_play_pause_button,use://app/src/main/java/org/schabi/newpipe/fragments/detail/VideoDetailFragment.java//R.id.overlay_play_pause_button
def://app/src/main/res/layout-large-land/fragment_video_detail.xml//FrameLayout/RelativeLayout/LinearLayout/ImageButton/android:id//@+id\/overlay_close_button,use://app/src/main/java/org/schabi/newpipe/fragments/detail/VideoDetailFragment.java//R.id.overlay_close_button
def://app/src/main/res/menu/menu_channel.xml//menu/item/android:id//@+id\/action_settings,use://app/src/main/java/org/schabi/newpipe/player/PlayQueueActivity.java//R.id.action_settings
def://app/src/main/res/menu/menu_play_queue_item.xml//menu/item/android:id//@+id\/menu_item_details,use://app/src/main/java/org/schabi/newpipe/QueueItemMenuUtil.java//R.id.menu_item_details
def://app/src/main/res/menu/error_menu.xml//menu/item/android:id//@+id\/menu_item_share_error,use://app/src/main/java/org/schabi/newpipe/error/ErrorActivity.java//R.id.menu_item_share_error
def://app/src/main/res/menu/menu_recaptcha.xml//menu/item/android:id//@+id\/menu_item_done,use://app/src/main/java/org/schabi/newpipe/error/ReCaptchaActivity.java//R.id.menu_item_done
def://app/src/main/res/menu/menu_playlist.xml//menu/item/android:id//@+id\/action_settings,use://app/src/main/java/org/schabi/newpipe/player/PlayQueueActivity.java//R.id.action_settings
def://app/src/main/res/menu/menu_play_queue.xml//menu/item/android:id//@+id\/action_append_playlist,use://app/src/main/java/org/schabi/newpipe/player/PlayQueueActivity.java//R.id.action_append_playlist
def://app/src/main/res/menu/menu_play_queue.xml//menu/item/android:id//@+id\/action_playback_speed,use://app/src/main/java/org/schabi/newpipe/player/PlayQueueActivity.java//R.id.action_playback_speed
def://app/src/main/res/menu/menu_play_queue.xml//menu/item/android:id//@+id\/action_mute,use://app/src/main/java/org/schabi/newpipe/player/PlayQueueActivity.java//R.id.action_mute
def://app/src/main/res/menu/menu_play_queue.xml//menu/item/android:id//@+id\/action_mute,use://app/src/main/java/org/schabi/newpipe/player/PlayQueueActivity.java//R.id.action_mute
def://app/src/main/res/menu/menu_play_queue.xml//menu/item/android:id//@+id\/action_settings,use://app/src/main/java/org/schabi/newpipe/player/PlayQueueActivity.java//R.id.action_settings
def://app/src/main/res/menu/menu_play_queue.xml//menu/item/android:id//@+id\/action_system_audio,use://app/src/main/java/org/schabi/newpipe/player/PlayQueueActivity.java//R.id.action_system_audio
def://app/src/main/res/menu/menu_play_queue.xml//menu/item/android:id//@+id\/action_switch_main,use://app/src/main/java/org/schabi/newpipe/player/PlayQueueActivity.java//R.id.action_switch_main
def://app/src/main/res/menu/menu_play_queue_bg.xml//menu/item/android:id//@+id\/action_switch_popup,use://app/src/main/java/org/schabi/newpipe/player/PlayQueueActivity.java//R.id.action_switch_popup
def://app/src/main/res/menu/menu_play_queue_bg.xml//menu/item/android:id//@+id\/action_switch_background,use://app/src/main/java/org/schabi/newpipe/player/PlayQueueActivity.java//R.id.action_switch_background
def://app/src/main/res/menu/menu_play_queue_bg.xml//menu/item/android:id//@+id\/action_switch_background,use://app/src/main/java/org/schabi/newpipe/player/PlayQueueActivity.java//R.id.action_switch_background
